rank	word	total_count	paper_count
1	people	467	29
2	based	256	29
3	questions	239	29
4	time	198	29
5	work	182	26
6	passage	179	29
7	new	177	29
8	students	169	20
9	heard	151	19
10	many	147	28
11	make	132	26
12	research	131	28
13	food	131	23
14	much	122	28
15	like	114	28
16	said	114	23
17	help	113	29
18	social	112	23
19	school	104	22
20	author	100	26
21	health	99	24
22	way	98	27
23	life	98	23
24	less	97	28
25	take	96	26
26	women	96	13
27	good	95	28
28	employees	93	14
29	even	91	26
30	too	89	25
31	found	88	25
32	says	87	20
33	say	86	28
34	year	86	24
35	study	85	26
36	get	84	27
37	learn	80	28
38	world	80	21
39	skills	79	19
40	often	78	27
41	likely	78	21
42	think	77	28
43	following	75	28
44	years	75	25
45	children	75	16
46	long	73	26
47	report	73	23
48	find	73	21
49	business	72	21
50	day	71	21
51	job	70	19
52	different	69	24
53	important	68	25
54	now	67	27
55	better	67	22
56	company	67	16
57	use	66	21
58	news	66	20
59	well	65	25
60	need	65	23
61	kids	65	16
62	self	65	16
63	first	64	23
64	online	63	18
65	around	62	22
66	working	62	22
67	change	62	21
68	public	62	21
69	things	62	21
70	become	61	24
71	own	61	24
72	same	61	23
73	high	60	21
74	others	60	20
75	such	59	25
76	education	59	15
77	making	58	23
78	number	58	21
79	learning	58	17
80	still	56	21
81	something	55	24
82	future	55	18
83	men	55	11
84	part	54	22
85	doing	54	21
86	studies	54	20
87	want	53	24
88	conversation	53	20
89	stress	53	11
90	money	52	17
91	media	52	15
92	between	51	24
93	financial	51	10
94	according	50	22
95	very	50	22
96	human	50	21
97	best	50	20
98	companies	50	15
99	success	50	15
100	home	49	15
101	experience	47	20
102	healthy	47	18
103	information	47	15
104	feel	46	19
105	water	46	8
106	however	45	20
107	benefits	45	19
108	music	45	5
109	whether	44	23
110	both	44	22
111	see	44	21
112	problem	44	20
113	made	43	24
114	means	43	21
115	scientists	43	16
116	protein	43	6
117	getting	42	22
118	actually	42	21
119	used	42	21
120	example	42	19
121	researchers	42	18
122	themselves	41	23
123	going	41	21
124	using	41	21
125	come	41	20
126	eating	41	16
127	technology	41	14
128	without	40	20
129	know	40	19
130	teachers	40	13
131	americans	40	12
132	workers	40	12
133	another	39	22
134	little	39	20
135	lot	39	20
136	tend	39	15
137	foods	39	12
138	back	38	22
139	among	38	21
140	greater	38	21
141	great	38	20
142	increase	38	20
143	look	38	19
144	improve	38	18
145	today	38	17
146	off	38	16
147	family	38	13
148	control	38	11
149	keep	37	21
150	possible	37	20
151	really	37	20
152	show	37	20
153	every	37	19
154	american	37	14
155	team	37	13
156	reading	37	12
157	taking	36	18
158	understand	36	18
159	interest	36	16
160	university	36	16
161	avoid	35	18
162	ability	35	17
163	pay	35	16
164	building	35	15
165	data	35	14
166	thinking	35	14
167	traditional	35	14
168	natural	35	12
169	brain	35	9
170	design	35	7
171	fruit	35	7
172	obesity	35	7
173	teens	35	5
174	recent	34	19
175	rather	34	17
176	city	34	16
177	diet	34	15
178	young	34	15
179	animals	34	14
180	having	34	14
181	disease	34	13
182	decisions	34	10
183	participants	34	10
184	age	33	17
185	away	33	16
186	poor	33	16
187	living	33	15
188	parents	33	14
189	culture	33	13
190	schools	33	13
191	give	32	21
192	attention	32	19
193	big	32	19
194	reduce	32	19
195	times	32	19
196	local	32	18
197	end	32	15
198	longer	32	15
199	process	32	15
200	spend	32	15
201	career	32	14
202	knowledge	32	13
203	adults	32	12
204	physical	32	11
205	emotional	32	9
206	meat	32	7
207	old	31	17
208	care	31	15
209	personal	31	15
210	place	31	15
211	during	31	14
212	countries	31	10
213	far	30	20
214	quality	30	18
215	difficult	30	17
216	last	30	17
217	provide	30	17
218	lead	30	16
219	average	30	14
220	percent	30	14
221	play	30	14
222	read	30	14
223	office	30	13
224	man	30	12
225	relationships	30	11
226	training	30	11
227	science	30	10
228	saying	30	8
229	always	29	19
230	simply	29	19
231	popular	29	17
232	believe	29	16
233	person	29	16
234	problems	29	16
235	course	29	15
236	create	29	15
237	industry	29	15
238	right	29	15
239	sense	29	15
240	real	29	14
241	low	29	13
242	behavior	29	12
243	products	29	12
244	lion	29	2
245	given	28	19
246	try	28	18
247	done	28	17
248	support	28	17
249	hard	28	16
250	environment	28	15
251	helps	28	15
252	trying	28	15
253	him	28	14
254	growth	28	13
255	heart	28	13
256	risk	28	13
257	habits	28	11
258	books	28	9
259	goals	28	9
260	diets	28	7
261	fish	28	5
262	higher	27	18
263	since	27	18
264	increasing	27	17
265	ways	27	17
266	able	27	16
267	enjoy	27	16
268	class	27	15
269	few	27	15
270	book	27	14
271	lives	27	14
272	eat	27	12
273	power	27	12
274	days	27	11
275	early	27	11
276	car	27	10
277	term	27	8
278	red	27	7
279	genetic	27	5
280	ideas	26	16
281	impact	26	16
282	comes	26	14
283	open	26	14
284	positive	26	14
285	exercise	26	13
286	energy	26	12
287	performance	26	12
288	space	26	12
289	system	26	12
290	language	26	11
291	present	26	11
292	customers	26	8
293	teenagers	26	6
294	once	25	20
295	result	25	17
296	taken	25	17
297	against	25	16
298	ago	25	16
299	shows	25	16
300	effect	25	15
301	growing	25	14
302	current	25	13
303	body	25	12
304	friends	25	12
305	consumers	25	11
306	experts	25	11
307	games	25	11
308	must	25	11
309	leave	25	10
310	male	25	8
311	busy	25	5
312	juice	25	2
313	daily	24	15
314	least	24	15
315	potential	24	13
316	results	24	13
317	cost	24	12
318	decades	24	12
319	goal	24	11
320	practice	24	11
321	successful	24	10
322	tasks	24	10
323	behaviors	24	9
324	costs	24	9
325	gender	24	6
326	yes	24	6
327	interesting	24	5
328	formula	24	1
329	enough	23	15
330	though	23	15
331	access	23	14
332	america	23	13
333	society	23	13
334	terms	23	13
335	achieve	23	12
336	communication	23	11
337	student	23	11
338	mental	23	8
339	employers	23	7
340	restaurant	23	6
341	cause	22	16
342	easy	22	16
343	focus	22	15
344	never	22	15
345	almost	22	14
346	form	22	14
347	idea	22	14
348	lack	22	14
349	large	22	14
350	lower	22	14
351	someone	22	14
352	stay	22	14
353	tell	22	14
354	ask	22	13
355	effort	22	13
356	makes	22	13
357	creative	22	12
358	follow	22	12
359	paid	22	12
360	set	22	12
361	close	22	11
362	words	22	11
363	college	22	9
364	labor	22	9
365	national	22	8
366	classes	22	7
367	digital	22	7
368	scientific	22	7
369	suggests	21	16
370	nearly	21	15
371	bring	21	13
372	certain	21	13
373	simple	21	13
374	start	21	13
375	develop	21	12
376	past	21	12
377	specific	21	12
378	five	21	11
379	increasingly	21	11
380	internet	21	11
381	decision	21	10
382	negative	21	10
383	playing	21	9
384	calories	21	7
385	weather	21	6
386	balance	21	5
387	numbers	21	4
388	classical	21	2
389	consider	20	17
390	yet	20	16
391	together	20	15
392	encourage	20	14
393	fact	20	14
394	finding	20	14
395	free	20	14
396	generally	20	14
397	importance	20	14
398	needs	20	14
399	similar	20	14
400	whole	20	14
401	across	20	13
402	suggest	20	12
403	weight	20	12
404	reported	20	11
405	task	20	11
406	york	20	11
407	effective	20	10
408	feelings	20	10
409	sports	20	10
410	state	20	10
411	effects	20	9
412	activities	20	8
413	dogs	20	5
414	changing	19	16
415	asked	19	14
416	bad	19	14
417	enable	19	14
418	four	19	13
419	got	19	13
420	major	19	13
421	members	19	13
422	small	19	13
423	view	19	13
424	groups	19	12
425	harm	19	12
426	took	19	12
427	point	19	11
428	seen	19	11
429	born	19	10
430	buy	19	10
431	climate	19	10
432	sometimes	19	10
433	true	19	10
434	value	19	10
435	driving	19	8
436	professor	19	8
437	sugar	19	7
438	traffic	19	6
439	aid	19	3
440	selves	19	3
441	villa	19	1
442	benefit	18	13
443	put	18	13
444	various	18	13
445	came	18	12
446	levels	18	12
447	share	18	12
448	sign	18	12
449	thought	18	12
450	causes	18	11
451	challenges	18	11
452	half	18	11
453	management	18	11
454	needed	18	11
455	strong	18	11
456	private	18	9
457	connections	18	8
458	consumption	18	8
459	summer	18	8
460	productivity	18	7
461	sleep	18	7
462	brains	18	6
463	tests	18	5
464	voice	18	5
465	funded	18	4
466	intelligence	18	4
467	retirement	18	4
468	instincts	18	3
469	plastic	18	3
470	carey	18	2
471	allow	17	15
472	amount	17	14
473	order	17	14
474	development	17	13
475	ensure	17	13
476	especially	17	13
477	including	17	13
478	key	17	13
479	several	17	13
480	community	17	12
481	considered	17	12
482	findings	17	12
483	government	17	12
484	usually	17	12
485	activity	17	11
486	behind	17	11
487	increased	17	11
488	looking	17	11
489	per	17	11
490	perfect	17	11
491	probably	17	11
492	risks	17	11
493	changes	17	9
494	diseases	17	9
495	economy	17	9
496	jobs	17	9
497	market	17	9
498	medicine	17	9
499	spent	17	9
500	top	17	9
501	writing	17	9
502	ourselves	17	8
503	managers	17	7
504	plant	17	7
505	blood	17	6
506	dreams	17	6
507	fashion	17	6
508	contact	17	5
509	boredom	17	4
510	curiosity	17	4
511	mindset	17	2
512	bottled	17	1
513	opera	17	1
514	build	16	14
515	anything	16	13
516	ever	16	13
517	interact	16	13
518	level	16	13
519	quite	16	13
520	compared	16	12
521	role	16	12
522	solve	16	12
523	determine	16	11
524	hours	16	11
525	stop	16	11
526	travel	16	11
527	within	16	11
528	account	16	10
529	associated	16	10
530	economic	16	10
531	everyone	16	10
532	history	16	10
533	left	16	10
534	mean	16	10
535	million	16	10
536	non	16	10
537	price	16	10
538	rate	16	10
539	resources	16	10
540	sure	16	10
541	week	16	10
542	workplace	16	10
543	aware	16	9
544	colleagues	16	9
545	habit	16	9
546	reasons	16	9
547	showed	16	9
548	succeed	16	9
549	action	16	8
550	income	16	8
551	issues	16	8
552	paper	16	8
553	rich	16	8
554	wanted	16	8
555	worth	16	8
556	yourself	16	8
557	consume	16	7
558	engineering	16	7
559	face	16	7
560	progress	16	7
561	website	16	6
562	drivers	16	5
563	game	16	5
564	bike	16	3
565	fans	16	3
566	multitasking	16	1
567	rum	16	1
568	deal	15	12
569	limited	15	12
570	reality	15	12
571	animal	15	11
572	available	15	11
573	group	15	11
574	move	15	11
575	already	15	10
576	answer	15	10
577	cannot	15	10
578	easily	15	10
579	expected	15	10
580	mostly	15	10
581	particular	15	10
582	relationship	15	10
583	seems	15	10
584	thus	15	10
585	complex	15	9
586	desire	15	9
587	helping	15	9
588	meaning	15	9
589	paying	15	9
590	reach	15	9
591	until	15	9
592	walking	15	9
593	humans	15	8
594	love	15	8
595	prices	15	8
596	side	15	8
597	strategies	15	8
598	toward	15	8
599	hour	15	7
600	rates	15	7
601	bank	15	6
602	drug	15	6
603	states	15	6
604	housing	15	5
605	diversity	15	4
606	pets	15	4
607	grit	15	1
608	question	14	13
609	continue	14	12
610	contribute	14	12
611	require	14	12
612	choice	14	11
613	degree	14	11
614	involved	14	11
615	live	14	11
616	normal	14	11
617	powerful	14	11
618	started	14	11
619	towards	14	11
620	understanding	14	11
621	variety	14	11
622	waste	14	11
623	affected	14	10
624	areas	14	10
625	beyond	14	10
626	boost	14	10
627	conditions	14	10
628	despite	14	10
629	difficulty	14	10
630	fully	14	10
631	interested	14	10
632	matter	14	10
633	message	14	10
634	offer	14	10
635	published	14	10
636	reason	14	10
637	second	14	10
638	soon	14	10
639	unique	14	10
640	wrong	14	10
641	built	14	9
642	concerns	14	9
643	experiences	14	9
644	kind	14	9
645	prevent	14	9
646	product	14	9
647	professional	14	9
648	serious	14	9
649	situations	14	9
650	skill	14	9
651	survey	14	9
652	changed	14	8
653	distance	14	8
654	giving	14	8
655	grow	14	8
656	nature	14	8
657	previous	14	8
658	century	14	7
659	critical	14	7
660	differences	14	7
661	species	14	7
662	base	14	6
663	global	14	6
664	head	14	6
665	impossible	14	6
666	night	14	6
667	race	14	6
668	united	14	6
669	devices	14	5
670	extra	14	5
671	farming	14	5
672	minutes	14	5
673	ambitious	14	4
674	crops	14	3
675	entrepreneurs	14	3
676	homeless	14	3
677	lanes	14	3
678	speech	14	3
679	gaming	14	1
680	persuasion	14	1
681	case	13	12
682	chance	13	12
683	coming	13	12
684	necessary	13	12
685	turn	13	12
686	although	13	11
687	examined	13	11
688	meet	13	11
689	month	13	11
690	adapt	13	10
691	common	13	10
692	easier	13	10
693	enhance	13	10
694	expensive	13	10
695	famous	13	10
696	individual	13	10
697	perhaps	13	10
698	satisfaction	13	10
699	told	13	10
700	academic	13	9
701	becoming	13	9
702	difference	13	9
703	due	13	9
704	indeed	13	9
705	individuals	13	9
706	itself	13	9
707	known	13	9
708	largely	13	9
709	middle	13	9
710	mind	13	9
711	months	13	9
712	requires	13	9
713	thing	13	9
714	trouble	13	9
715	appear	13	8
716	damage	13	8
717	earlier	13	8
718	failure	13	8
719	hand	13	8
720	innovative	13	8
721	phone	13	8
722	places	13	8
723	raise	13	8
724	supply	13	8
725	teaching	13	8
726	types	13	8
727	feeling	13	7
728	fit	13	7
729	instead	13	7
730	late	13	7
731	opportunities	13	7
732	service	13	7
733	businesses	13	6
734	house	13	6
735	intake	13	6
736	meals	13	6
737	remote	13	6
738	written	13	6
739	gap	13	5
740	racing	13	5
741	wild	13	5
742	childhood	13	4
743	debate	13	4
744	math	13	4
745	nutrition	13	4
746	angeles	13	3
747	los	13	3
748	booking	13	2
749	engineers	13	2
750	dance	13	1
751	pandas	13	1
752	later	12	11
753	next	12	11
754	seem	12	11
755	ahead	12	10
756	clear	12	10
757	designed	12	10
758	fewer	12	10
759	maintain	12	10
760	realize	12	10
761	reveal	12	10
762	rise	12	10
763	send	12	10
764	became	12	9
765	choose	12	9
766	else	12	9
767	full	12	9
768	ones	12	9
769	parts	12	9
770	related	12	9
771	short	12	9
772	story	12	9
773	vegetables	12	9
774	adopt	12	8
775	approach	12	8
776	bit	12	8
777	consequences	12	8
778	developing	12	8
779	emotions	12	8
780	expect	12	8
781	helped	12	8
782	identify	12	8
783	lose	12	8
784	near	12	8
785	opportunity	12	8
786	room	12	8
787	art	12	7
788	factors	12	7
789	organization	12	7
790	safety	12	7
791	save	12	7
792	security	12	7
793	shopping	12	7
794	single	12	7
795	vegetable	12	7
796	affect	12	6
797	connection	12	6
798	doctors	12	6
799	electronic	12	6
800	genes	12	6
801	interests	12	6
802	responsibilities	12	6
803	sales	12	6
804	scale	12	6
805	special	12	6
806	status	12	6
807	talent	12	6
808	analysis	12	5
809	cars	12	5
810	creativity	12	5
811	funding	12	5
812	heat	12	5
813	loneliness	12	5
814	modern	12	5
815	seek	12	5
816	systems	12	5
817	patients	12	3
818	spaces	12	3
819	websites	12	3
820	bottles	12	2
821	clothes	12	2
822	club	12	2
823	exercises	12	2
824	web	12	2
825	michelin	12	1
826	phantom	12	1
827	rom	12	1
828	shown	11	11
829	call	11	10
830	chances	11	10
831	creating	11	10
832	huge	11	10
833	lost	11	10
834	proves	11	10
835	receive	11	10
836	starting	11	10
837	along	11	9
838	caused	11	9
839	computer	11	9
840	developed	11	9
841	either	11	9
842	happen	11	9
843	improving	11	9
844	issue	11	9
845	post	11	9
846	produce	11	9
847	regular	11	9
848	remains	11	9
849	significant	11	9
850	tried	11	9
851	twice	11	9
852	add	11	8
853	concept	11	8
854	engage	11	8
855	equal	11	8
856	essential	11	8
857	felt	11	8
858	gain	11	8
859	interactions	11	8
860	journal	11	8
861	looked	11	8
862	main	11	8
863	medical	11	8
864	pet	11	8
865	quickly	11	8
866	reflect	11	8
867	replace	11	8
868	struggling	11	8
869	whatever	11	8
870	believed	11	7
871	explore	11	7
872	focused	11	7
873	hands	11	7
874	latest	11	7
875	list	11	7
876	mistakes	11	7
877	setting	11	7
878	stick	11	7
879	test	11	7
880	employee	11	6
881	evidence	11	6
882	field	11	6
883	grade	11	6
884	harmful	11	6
885	interaction	11	6
886	leaders	11	6
887	narrow	11	6
888	vision	11	6
889	wear	11	6
890	employer	11	5
891	harvard	11	5
892	homes	11	5
893	inner	11	5
894	coffee	11	4
895	handed	11	4
896	houses	11	4
897	owners	11	4
898	pain	11	4
899	savings	11	4
900	series	11	4
901	babies	11	3
902	beauty	11	3
903	cultures	11	3
904	drugs	11	3
905	fathers	11	3
906	movies	11	3
907	sport	11	3
908	ambition	11	2
909	dna	11	2
910	flavors	11	2
911	jams	11	2
912	parental	11	2
913	bilateral	11	1
914	diferent	11	1
915	fraudsters	11	1
916	ventura	11	1
917	begin	10	10
918	crucial	10	10
919	particularly	10	10
920	achievements	10	9
921	enormous	10	9
922	expectations	10	9
923	fall	10	9
924	highly	10	9
925	larger	10	9
926	moving	10	9
927	negatively	10	9
928	nothing	10	9
929	search	10	9
930	shape	10	9
931	six	10	9
932	size	10	9
933	takes	10	9
934	vital	10	9
935	additional	10	8
936	advantage	10	8
937	agree	10	8
938	aim	10	8
939	asking	10	8
940	called	10	8
941	claim	10	8
942	constantly	10	8
943	efforts	10	8
944	facilities	10	8
945	forms	10	8
946	further	10	8
947	general	10	8
948	kept	10	8
949	leads	10	8
950	let	10	8
951	offers	10	8
952	options	10	8
953	plans	10	8
954	sharing	10	8
955	staff	10	8
956	worked	10	8
957	adequate	10	7
958	advice	10	7
959	consuming	10	7
960	environmental	10	7
961	female	10	7
962	force	10	7
963	forward	10	7
964	hold	10	7
965	majority	10	7
966	name	10	7
967	overall	10	7
968	protect	10	7
969	upon	10	7
970	visit	10	7
971	awareness	10	6
972	choices	10	6
973	credit	10	6
974	events	10	6
975	extreme	10	6
976	happiness	10	6
977	ideal	10	6
978	material	10	6
979	older	10	6
980	outside	10	6
981	prepare	10	6
982	programs	10	6
983	spending	10	6
984	stars	10	6
985	technologies	10	6
986	type	10	6
987	write	10	6
988	corporate	10	5
989	drink	10	5
990	luxury	10	5
991	notes	10	5
992	families	10	4
993	responses	10	4
994	spoken	10	4
995	subject	10	4
996	grand	10	3
997	habitat	10	3
998	menu	10	3
999	rights	10	3
1000	dreaming	10	2
1001	educators	10	2
1002	thomas	10	2
1003	horn	10	1
1004	completely	9	9
1005	leading	9	9
1006	showing	9	9
1007	vary	9	9
1008	wonder	9	9
1009	advised	9	8
1010	afford	9	8
1011	again	9	8
1012	believes	9	8
1013	cases	9	8
1014	check	9	8
1015	competitive	9	8
1016	driven	9	8
1017	enables	9	8
1018	heavy	9	8
1019	ignore	9	8
1020	learned	9	8
1021	loss	9	8
1022	millions	9	8
1023	owner	9	8
1024	productive	9	8
1025	prove	9	8
1026	regularly	9	8
1027	rely	9	8
1028	responsible	9	8
1029	studied	9	8
1030	went	9	8
1031	works	9	8
1032	background	9	7
1033	belief	9	7
1034	cheaper	9	7
1035	confidence	9	7
1036	cooking	9	7
1037	enjoying	9	7
1038	exist	9	7
1039	expenses	9	7
1040	extremely	9	7
1041	facing	9	7
1042	feels	9	7
1043	helpful	9	7
1044	hundreds	9	7
1045	involves	9	7
1046	mother	9	7
1047	multiple	9	7
1048	pass	9	7
1049	promote	9	7
1050	remain	9	7
1051	responsibility	9	7
1052	sound	9	7
1053	third	9	7
1054	tools	9	7
1055	transform	9	7
1056	trend	9	7
1057	beliefs	9	6
1058	decline	9	6
1059	include	9	6
1060	institutions	9	6
1061	lifestyle	9	6
1062	light	9	6
1063	motivation	9	6
1064	passed	9	6
1065	passion	9	6
1066	qualities	9	6
1067	quick	9	6
1068	range	9	6
1069	recommended	9	6
1070	regarding	9	6
1071	run	9	6
1072	speed	9	6
1073	standard	9	6
1074	sustainable	9	6
1075	truly	9	6
1076	video	9	6
1077	weeks	9	6
1078	win	9	6
1079	accounts	9	5
1080	active	9	5
1081	anxiety	9	5
1082	assume	9	5
1083	cities	9	5
1084	country	9	5
1085	diabetes	9	5
1086	drinks	9	5
1087	experiment	9	5
1088	formal	9	5
1089	happy	9	5
1090	manufacturers	9	5
1091	plants	9	5
1092	population	9	5
1093	psychological	9	5
1094	remember	9	5
1095	schooling	9	5
1096	senior	9	5
1097	walk	9	5
1098	worry	9	5
1099	ate	9	4
1100	british	9	4
1101	dining	9	4
1102	dream	9	4
1103	driver	9	4
1104	email	9	4
1105	front	9	4
1106	hidden	9	4
1107	interview	9	4
1108	laws	9	4
1109	phones	9	4
1110	silver	9	4
1111	talking	9	4
1112	text	9	4
1113	users	9	4
1114	aging	9	3
1115	behaviour	9	3
1116	bill	9	3
1117	calorie	9	3
1118	chocolate	9	3
1119	cold	9	3
1120	cycle	9	3
1121	dress	9	3
1122	engineer	9	3
1123	infants	9	3
1124	snake	9	3
1125	supermarkets	9	3
1126	cognitive	9	2
1127	farmers	9	2
1128	museum	9	2
1129	tooth	9	2
1130	winners	9	2
1131	cacao	9	1
1132	keynes	9	1
1133	venture	9	1
1134	actual	8	8
1135	appeal	8	8
1136	aspects	8	8
1137	confident	8	8
1138	frequently	8	8
1139	friendly	8	8
1140	improved	8	8
1141	maybe	8	8
1142	meanwhile	8	8
1143	paragraph	8	8
1144	policy	8	8
1145	rest	8	8
1146	step	8	8
1147	talk	8	8
1148	ultimately	8	8
1149	added	8	7
1150	adds	8	7
1151	attitudes	8	7
1152	brought	8	7
1153	capable	8	7
1154	choosing	8	7
1155	clearly	8	7
1156	closed	8	7
1157	conducted	8	7
1158	contributing	8	7
1159	created	8	7
1160	demand	8	7
1161	emphasis	8	7
1162	enter	8	7
1163	entirely	8	7
1164	happened	8	7
1165	healthier	8	7
1166	international	8	7
1167	kinds	8	7
1168	manager	8	7
1169	measures	8	7
1170	motivate	8	7
1171	partners	8	7
1172	prioritize	8	7
1173	project	8	7
1174	provides	8	7
1175	purpose	8	7
1176	seriously	8	7
1177	solving	8	7
1178	source	8	7
1179	stories	8	7
1180	struggle	8	7
1181	suffer	8	7
1182	suggested	8	7
1183	winning	8	7
1184	worldwide	8	7
1185	affects	8	6
1186	anyone	8	6
1187	attend	8	6
1188	challenge	8	6
1189	charity	8	6
1190	complicated	8	6
1191	conclude	8	6
1192	concluded	8	6
1193	cover	8	6
1194	cultivate	8	6
1195	depend	8	6
1196	effectively	8	6
1197	efficiency	8	6
1198	embrace	8	6
1199	fail	8	6
1200	faster	8	6
1201	fat	8	6
1202	highest	8	6
1203	included	8	6
1204	losing	8	6
1205	match	8	6
1206	messages	8	6
1207	missing	8	6
1208	novel	8	6
1209	opposed	8	6
1210	organizations	8	6
1211	peers	8	6
1212	program	8	6
1213	received	8	6
1214	reliable	8	6
1215	roles	8	6
1216	rules	8	6
1217	running	8	6
1218	services	8	6
1219	situation	8	6
1220	spot	8	6
1221	suffered	8	6
1222	suffering	8	6
1223	symptoms	8	6
1224	taste	8	6
1225	teams	8	6
1226	track	8	6
1227	values	8	6
1228	word	8	6
1229	allowing	8	5
1230	attending	8	5
1231	audience	8	5
1232	boring	8	5
1233	budgeting	8	5
1234	committed	8	5
1235	cultural	8	5
1236	details	8	5
1237	drive	8	5
1238	educational	8	5
1239	feature	8	5
1240	gave	8	5
1241	greatest	8	5
1242	hot	8	5
1243	imagination	8	5
1244	manage	8	5
1245	meeting	8	5
1246	member	8	5
1247	partner	8	5
1248	predicted	8	5
1249	production	8	5
1250	residents	8	5
1251	snack	8	5
1252	upper	8	5
1253	vulnerable	8	5
1254	willing	8	5
1255	accessible	8	4
1256	beans	8	4
1257	card	8	4
1258	cats	8	4
1259	chinese	8	4
1260	competition	8	4
1261	cope	8	4
1262	definition	8	4
1263	disadvantaged	8	4
1264	emails	8	4
1265	english	8	4
1266	father	8	4
1267	images	8	4
1268	independently	8	4
1269	literacy	8	4
1270	necessarily	8	4
1271	offices	8	4
1272	perform	8	4
1273	remove	8	4
1274	shorter	8	4
1275	store	8	4
1276	teacher	8	4
1277	vehicles	8	4
1278	aged	8	3
1279	clothing	8	3
1280	dietary	8	3
1281	gene	8	3
1282	grants	8	3
1283	junk	8	3
1284	meats	8	3
1285	sounds	8	3
1286	taught	8	3
1287	tourists	8	3
1288	traits	8	3
1289	vehicle	8	3
1290	wearing	8	3
1291	chase	8	2
1292	fees	8	2
1293	nightmares	8	2
1294	tuition	8	2
1295	cotton	8	1
1296	ford	8	1
1297	friedman	8	1
1298	nursing	8	1
1299	wfp	8	1
1300	allowed	7	7
1301	apply	7	7
1302	buying	7	7
1303	center	7	7
1304	expert	7	7
1305	forget	7	7
1306	fun	7	7
1307	harder	7	7
1308	impacts	7	7
1309	influence	7	7
1310	led	7	7
1311	link	7	7
1312	model	7	7
1313	note	7	7
1314	protection	7	7
1315	reducing	7	7
1316	respond	7	7
1317	shift	7	7
1318	sort	7	7
1319	alike	7	6
1320	allows	7	6
1321	beneficial	7	6
1322	biggest	7	6
1323	brings	7	6
1324	budget	7	6
1325	certainly	7	6
1326	charge	7	6
1327	conclusion	7	6
1328	continuing	7	6
1329	contributed	7	6
1330	currently	7	6
1331	decrease	7	6
1332	deep	7	6
1333	demands	7	6
1334	depends	7	6
1335	differ	7	6
1336	event	7	6
1337	exactly	7	6
1338	executive	7	6
1339	falling	7	6
1340	finally	7	6
1341	function	7	6
1342	gone	7	6
1343	knowing	7	6
1344	law	7	6
1345	leadership	7	6
1346	linked	7	6
1347	obvious	7	6
1348	ordinary	7	6
1349	partly	7	6
1350	patterns	7	6
1351	personality	7	6
1352	please	7	6
1353	providing	7	6
1354	required	7	6
1355	secure	7	6
1356	speak	7	6
1357	stand	7	6
1358	staying	7	6
1359	surveyed	7	6
1360	throughout	7	6
1361	town	7	6
1362	trust	7	6
1363	turns	7	6
1364	unable	7	6
1365	widespread	7	6
1366	accepted	7	5
1367	asks	7	5
1368	attack	7	5
1369	authentic	7	5
1370	basic	7	5
1371	began	7	5
1372	borrow	7	5
1373	break	7	5
1374	britain	7	5
1375	casual	7	5
1376	caught	7	5
1377	child	7	5
1378	condition	7	5
1379	consensus	7	5
1380	conventional	7	5
1381	depression	7	5
1382	dinner	7	5
1383	direction	7	5
1384	door	7	5
1385	economics	7	5
1386	engaging	7	5
1387	eventually	7	5
1388	explained	7	5
1389	farm	7	5
1390	fixed	7	5
1391	flexible	7	5
1392	generations	7	5
1393	guide	7	5
1394	hit	7	5
1395	keeping	7	5
1396	line	7	5
1397	nation	7	5
1398	nearby	7	5
1399	oil	7	5
1400	period	7	5
1401	plan	7	5
1402	plane	7	5
1403	practical	7	5
1404	predict	7	5
1405	psychologist	7	5
1406	reasoning	7	5
1407	reduced	7	5
1408	restaurants	7	5
1409	returned	7	5
1410	smart	7	5
1411	strengthen	7	5
1412	turning	7	5
1413	youth	7	5
1414	accurate	7	4
1415	addiction	7	4
1416	advertising	7	4
1417	amounts	7	4
1418	article	7	4
1419	authors	7	4
1420	containing	7	4
1421	delay	7	4
1422	diverse	7	4
1423	factor	7	4
1424	feed	7	4
1425	fields	7	4
1426	gym	7	4
1427	initiatives	7	4
1428	isolation	7	4
1429	legal	7	4
1430	marketing	7	4
1431	norm	7	4
1432	police	7	4
1433	romantic	7	4
1434	saving	7	4
1435	seeking	7	4
1436	strategy	7	4
1437	tradition	7	4
1438	vacation	7	4
1439	valuable	7	4
1440	agent	7	3
1441	beach	7	3
1442	campaigns	7	3
1443	classroom	7	3
1444	display	7	3
1445	drinking	7	3
1446	farms	7	3
1447	gold	7	3
1448	households	7	3
1449	immediate	7	3
1450	interpersonal	7	3
1451	round	7	3
1452	sciences	7	3
1453	systematic	7	3
1454	debates	7	2
1455	emotionally	7	2
1456	freshman	7	2
1457	glasgow	7	2
1458	grades	7	2
1459	holiday	7	2
1460	homelessness	7	2
1461	lane	7	2
1462	obese	7	2
1463	park	7	2
1464	statistics	7	2
1465	willpower	7	2
1466	chocolates	7	1
1467	county	7	1
1468	dancer	7	1
1469	dancing	7	1
1470	humm	7	1
1471	jimmy	7	1
1472	matous	7	1
1473	quantitative	7	1
1474	rivalry	7	1
1475	solar	7	1
1476	tap	7	1
1477	absence	6	6
1478	applied	6	6
1479	area	6	6
1480	beautiful	6	6
1481	challenging	6	6
1482	considering	6	6
1483	creates	6	6
1484	cut	6	6
1485	discussions	6	6
1486	ended	6	6
1487	expand	6	6
1488	express	6	6
1489	figure	6	6
1490	finds	6	6
1491	friend	6	6
1492	greatly	6	6
1493	grown	6	6
1494	image	6	6
1495	influenced	6	6
1496	lunch	6	6
1497	matters	6	6
1498	opinion	6	6
1499	pictures	6	6
1500	placed	6	6
1501	points	6	6
1502	possibilities	6	6
1503	raised	6	6
1504	regardless	6	6
1505	researcher	6	6
1506	searching	6	6
1507	seemingly	6	6
1508	solution	6	6
1509	sources	6	6
1510	spirit	6	6
1511	strange	6	6
1512	thoughts	6	6
1513	unfortunately	6	6
1514	unlike	6	6
1515	wants	6	6
1516	woman	6	6
1517	addition	6	5
1518	advise	6	5
1519	air	6	5
1520	alone	6	5
1521	appealing	6	5
1522	argues	6	5
1523	badly	6	5
1524	billion	6	5
1525	boys	6	5
1526	breathing	6	5
1527	bridge	6	5
1528	california	6	5
1529	carefully	6	5
1530	color	6	5
1531	combat	6	5
1532	concern	6	5
1533	concerned	6	5
1534	consistently	6	5
1535	court	6	5
1536	damaged	6	5
1537	debt	6	5
1538	decide	6	5
1539	definitely	6	5
1540	directly	6	5
1541	ease	6	5
1542	england	6	5
1543	entrepreneur	6	5
1544	existing	6	5
1545	familiar	6	5
1546	foundation	6	5
1547	gains	6	5
1548	goes	6	5
1549	implications	6	5
1550	inside	6	5
1551	intended	6	5
1552	land	6	5
1553	limit	6	5
1554	machines	6	5
1555	materials	6	5
1556	movie	6	5
1557	naturally	6	5
1558	necessity	6	5
1559	numerous	6	5
1560	offered	6	5
1561	option	6	5
1562	outcomes	6	5
1563	participate	6	5
1564	passionate	6	5
1565	permanent	6	5
1566	picture	6	5
1567	plenty	6	5
1568	position	6	5
1569	presence	6	5
1570	pressure	6	5
1571	promoted	6	5
1572	purchase	6	5
1573	qualified	6	5
1574	raising	6	5
1575	rare	6	5
1576	recognition	6	5
1577	sea	6	5
1578	strongly	6	5
1579	table	6	5
1580	typical	6	5
1581	useful	6	5
1582	uses	6	5
1583	worse	6	5
1584	affordable	6	4
1585	ages	6	4
1586	april	6	4
1587	argue	6	4
1588	bus	6	4
1589	calendar	6	4
1590	chat	6	4
1591	closely	6	4
1592	courses	6	4
1593	crisis	6	4
1594	dark	6	4
1595	entire	6	4
1596	estate	6	4
1597	excess	6	4
1598	fancy	6	4
1599	frequent	6	4
1600	fruits	6	4
1601	happier	6	4
1602	harmony	6	4
1603	indicator	6	4
1604	instant	6	4
1605	languages	6	4
1606	likes	6	4
1607	meant	6	4
1608	methods	6	4
1609	minds	6	4
1610	motivated	6	4
1611	native	6	4
1612	operating	6	4
1613	pays	6	4
1614	perceived	6	4
1615	photos	6	4
1616	policies	6	4
1617	principles	6	4
1618	property	6	4
1619	proud	6	4
1620	psychology	6	4
1621	rarely	6	4
1622	realise	6	4
1623	reasonable	6	4
1624	relatives	6	4
1625	reports	6	4
1626	safe	6	4
1627	sensitive	6	4
1628	severe	6	4
1629	shop	6	4
1630	snacks	6	4
1631	socialize	6	4
1632	solutions	6	4
1633	stated	6	4
1634	target	6	4
1635	tended	6	4
1636	tiny	6	4
1637	transfer	6	4
1638	typically	6	4
1639	village	6	4
1640	yearly	6	4
1641	applicants	6	3
1642	arguments	6	3
1643	articles	6	3
1644	autonomy	6	3
1645	closeness	6	3
1646	enabling	6	3
1647	graduate	6	3
1648	grain	6	3
1649	hiring	6	3
1650	innovation	6	3
1651	leisure	6	3
1652	liked	6	3
1653	meaningful	6	3
1654	paint	6	3
1655	processed	6	3
1656	request	6	3
1657	reviews	6	3
1658	rule	6	3
1659	software	6	3
1660	surveys	6	3
1661	talents	6	3
1662	tech	6	3
1663	ten	6	3
1664	user	6	3
1665	wage	6	3
1666	approval	6	2
1667	arts	6	2
1668	assignments	6	2
1669	convinced	6	2
1670	corn	6	2
1671	customer	6	2
1672	designers	6	2
1673	fake	6	2
1674	fox	6	2
1675	heanl	6	2
1676	hunger	6	2
1677	intervention	6	2
1678	medicines	6	2
1679	ninth	6	2
1680	supermarket	6	2
1681	touching	6	2
1682	wang	6	2
1683	actions	6	1
1684	amenities	6	1
1685	anumeric	6	1
1686	assistants	6	1
1687	bechtoldt	6	1
1688	conservation	6	1
1689	dancers	6	1
1690	deficiency	6	1
1691	ducks	6	1
1692	duckworth	6	1
1693	eleven	6	1
1694	fee	6	1
1695	fishing	6	1
1696	foulkes	6	1
1697	frauds	6	1
1698	horse	6	1
1699	joyce	6	1
1700	losers	6	1
1701	madison	6	1
1702	panda	6	1
1703	pasternak	6	1
1704	practicing	6	1
1705	proessor	6	1
1706	rem	6	1
1707	rivals	6	1
1708	seedlings	6	1
1709	timing	6	1
1710	vegan	6	1
1711	villas	6	1
1712	addicted	5	5
1713	adjust	5	5
1714	africa	5	5
1715	answers	5	5
1716	approximately	5	5
1717	asian	5	5
1718	attempt	5	5
1719	beginning	5	5
1720	birthday	5	5
1721	board	5	5
1722	buildings	5	5
1723	burden	5	5
1724	carry	5	5
1725	charged	5	5
1726	chief	5	5
1727	combination	5	5
1728	conflict	5	5
1729	confused	5	5
1730	connect	5	5
1731	connected	5	5
1732	contrary	5	5
1733	contributes	5	5
1734	convey	5	5
1735	demanding	5	5
1736	department	5	5
1737	depth	5	5
1738	describe	5	5
1739	determined	5	5
1740	emphasize	5	5
1741	encouraged	5	5
1742	enjoyable	5	5
1743	everything	5	5
1744	exact	5	5
1745	excessive	5	5
1746	favorite	5	5
1747	fell	5	5
1748	fighting	5	5
1749	focuses	5	5
1750	gets	5	5
1751	handle	5	5
1752	hardly	5	5
1753	held	5	5
1754	imply	5	5
1755	indicate	5	5
1756	indicates	5	5
1757	industries	5	5
1758	interacting	5	5
1759	invest	5	5
1760	lacks	5	5
1761	literature	5	5
1762	lots	5	5
1763	mainly	5	5
1764	merely	5	5
1765	met	5	5
1766	minority	5	5
1767	mood	5	5
1768	moved	5	5
1769	observed	5	5
1770	operation	5	5
1771	optimistic	5	5
1772	performed	5	5
1773	pollution	5	5
1774	pounds	5	5
1775	preferences	5	5
1776	pretty	5	5
1777	promotion	5	5
1778	purchasing	5	5
1779	pursue	5	5
1780	putting	5	5
1781	raises	5	5
1782	readily	5	5
1783	receiving	5	5
1784	recently	5	5
1785	record	5	5
1786	regarded	5	5
1787	relatively	5	5
1788	relax	5	5
1789	resulting	5	5
1790	rid	5	5
1791	roughly	5	5
1792	salary	5	5
1793	seven	5	5
1794	significantly	5	5
1795	sold	5	5
1796	therefore	5	5
1797	threat	5	5
1798	total	5	5
1799	treat	5	5
1800	treatment	5	5
1801	truth	5	5
1802	turned	5	5
1803	unusual	5	5
1804	urgent	5	5
1805	watch	5	5
1806	whose	5	5
1807	accident	5	4
1808	accomplishments	5	4
1809	acquire	5	4
1810	act	5	4
1811	address	5	4
1812	adult	5	4
1813	advanced	5	4
1814	alter	5	4
1815	apart	5	4
1816	appears	5	4
1817	assess	5	4
1818	atmosphere	5	4
1819	attach	5	4
1820	avoiding	5	4
1821	basis	5	4
1822	becomes	5	4
1823	beings	5	4
1824	bigger	5	4
1825	campus	5	4
1826	cancer	5	4
1827	capacity	5	4
1828	careers	5	4
1829	catch	5	4
1830	checking	5	4
1831	citizens	5	4
1832	closer	5	4
1833	complete	5	4
1834	complexity	5	4
1835	confirmed	5	4
1836	conflicts	5	4
1837	confusion	5	4
1838	conscious	5	4
1839	consideration	5	4
1840	convincing	5	4
1841	counterparts	5	4
1842	crowded	5	4
1843	dangerous	5	4
1844	death	5	4
1845	decade	5	4
1846	deciding	5	4
1847	dense	5	4
1848	designing	5	4
1849	disadvantages	5	4
1850	eager	5	4
1851	efficient	5	4
1852	eight	5	4
1853	employment	5	4
1854	engaged	5	4
1855	enjoyed	5	4
1856	environmentally	5	4
1857	estimate	5	4
1858	estimates	5	4
1859	examine	5	4
1860	exercising	5	4
1861	eye	5	4
1862	facts	5	4
1863	fast	5	4
1864	fear	5	4
1865	federal	5	4
1866	forced	5	4
1867	functions	5	4
1868	gradually	5	4
1869	guarantee	5	4
1870	guidelines	5	4
1871	heavily	5	4
1872	hospital	5	4
1873	identified	5	4
1874	identity	5	4
1875	illustrate	5	4
1876	increases	5	4
1877	intelligent	5	4
1878	investigation	5	4
1879	joining	5	4
1880	logical	5	4
1881	luck	5	4
1882	mechanical	5	4
1883	meetings	5	4
1884	nor	5	4
1885	obviously	5	4
1886	offering	5	4
1887	organisations	5	4
1888	pace	5	4
1889	party	5	4
1890	path	5	4
1891	patient	5	4
1892	perspective	5	4
1893	plays	5	4
1894	pleasant	5	4
1895	principle	5	4
1896	prior	5	4
1897	privilege	5	4
1898	processes	5	4
1899	produced	5	4
1900	profits	5	4
1901	promptly	5	4
1902	provided	5	4
1903	recommend	5	4
1904	recommendations	5	4
1905	records	5	4
1906	reduction	5	4
1907	region	5	4
1908	relevant	5	4
1909	response	5	4
1910	return	5	4
1911	rising	5	4
1912	schedule	5	4
1913	sector	5	4
1914	shifted	5	4
1915	slightly	5	4
1916	somewhat	5	4
1917	steps	5	4
1918	strictly	5	4
1919	suspect	5	4
1920	telling	5	4
1921	tendency	5	4
1922	tool	5	4
1923	tough	5	4
1924	tour	5	4
1925	treated	5	4
1926	tricky	5	4
1927	universities	5	4
1928	vast	5	4
1929	wellbeing	5	4
1930	wonderful	5	4
1931	worker	5	4
1932	academics	5	3
1933	academy	5	3
1934	adulthood	5	3
1935	affluent	5	3
1936	agreements	5	3
1937	artificial	5	3
1938	bills	5	3
1939	blame	5	3
1940	bone	5	3
1941	canada	5	3
1942	cash	5	3
1943	civil	5	3
1944	collaboration	5	3
1945	communities	5	3
1946	compulsory	5	3
1947	crash	5	3
1948	cultivating	5	3
1949	cure	5	3
1950	dependent	5	3
1951	drastically	5	3
1952	economist	5	3
1953	editing	5	3
1954	educated	5	3
1955	eggs	5	3
1956	errors	5	3
1957	expressed	5	3
1958	flexibility	5	3
1959	flights	5	3
1960	furniture	5	3
1961	genders	5	3
1962	happens	5	3
1963	hormones	5	3
1964	incredible	5	3
1965	instance	5	3
1966	lab	5	3
1967	limitations	5	3
1968	manufacturing	5	3
1969	memory	5	3
1970	moment	5	3
1971	nations	5	3
1972	nightmare	5	3
1973	nutrients	5	3
1974	occur	5	3
1975	opening	5	3
1976	opinions	5	3
1977	outer	5	3
1978	overcome	5	3
1979	personalities	5	3
1980	privacy	5	3
1981	promising	5	3
1982	readers	5	3
1983	regard	5	3
1984	remarkable	5	3
1985	reporting	5	3
1986	reward	5	3
1987	richard	5	3
1988	rival	5	3
1989	rooms	5	3
1990	star	5	3
1991	streets	5	3
1992	sugary	5	3
1993	suit	5	3
1994	trade	5	3
1995	vitamins	5	3
1996	volume	5	3
1997	wasted	5	3
1998	wisdom	5	3
1999	won	5	3
2000	appearance	5	2
2001	china	5	2
2002	cocoa	5	2
2003	covid	5	2
2004	declining	5	2
2005	dictionary	5	2
2006	disadvantage	5	2
2007	discipline	5	2
2008	favored	5	2
2009	golden	5	2
2010	hairdresser	5	2
2011	hire	5	2
2012	hourly	5	2
2013	instinctive	5	2
2014	intimacy	5	2
2015	majors	5	2
2016	mediterranean	5	2
2017	mothers	5	2
2018	paintings	5	2
2019	prize	5	2
2020	quantities	5	2
2021	rational	5	2
2022	recognize	5	2
2023	recycling	5	2
2024	rock	5	2
2025	setbacks	5	2
2026	smartphones	5	2
2027	snow	5	2
2028	strength	5	2
2029	trait	5	2
2030	waking	5	2
2031	absences	5	1
2032	ants	5	1
2033	aquaculture	5	1
2034	cloud	5	1
2035	coworkers	5	1
2036	deviance	5	1
2037	elephant	5	1
2038	evil	5	1
2039	farmed	5	1
2040	fashions	5	1
2041	hershfield	5	1
2042	holidaymakers	5	1
2043	humble	5	1
2044	jake	5	1
2045	mates	5	1
2046	meatless	5	1
2047	medal	5	1
2048	mums	5	1
2049	nascar	5	1
2050	o'keee	5	1
2051	oten	5	1
2052	ound	5	1
2053	parking	5	1
2054	recipes	5	1
2055	reciprocity	5	1
2056	rewards	5	1
2057	shakespeare	5	1
2058	siri	5	1
2059	sugars	5	1
2060	teeth	5	1
2061	tipton	5	1
2062	above	4	4
2063	actively	4	4
2064	adaptable	4	4
2065	adopting	4	4
2066	advocates	4	4
2067	affecting	4	4
2068	amazing	4	4
2069	application	4	4
2070	applying	4	4
2071	associate	4	4
2072	attitude	4	4
2073	balanced	4	4
2074	boss	4	4
2075	bottom	4	4
2076	causing	4	4
2077	centre	4	4
2078	chairs	4	4
2079	circumstances	4	4
2080	claimed	4	4
2081	claims	4	4
2082	clinical	4	4
2083	collection	4	4
2084	communicate	4	4
2085	compare	4	4
2086	comparison	4	4
2087	conducting	4	4
2088	considerably	4	4
2089	constant	4	4
2090	consultant	4	4
2091	consumer	4	4
2092	context	4	4
2093	continues	4	4
2094	contrast	4	4
2095	conversations	4	4
2096	costly	4	4
2097	decided	4	4
2098	deeply	4	4
2099	define	4	4
2100	defined	4	4
2101	deserted	4	4
2102	desirable	4	4
2103	direct	4	4
2104	disaster	4	4
2105	dollars	4	4
2106	emergency	4	4
2107	emerging	4	4
2108	endless	4	4
2109	enhanced	4	4
2110	enjoys	4	4
2111	entering	4	4
2112	essentially	4	4
2113	establish	4	4
2114	established	4	4
2115	everyday	4	4
2116	excited	4	4
2117	excluded	4	4
2118	exposed	4	4
2119	exposure	4	4
2120	extensive	4	4
2121	eyes	4	4
2122	fellow	4	4
2123	fifty	4	4
2124	firm	4	4
2125	flavor	4	4
2126	focusing	4	4
2127	follows	4	4
2128	fortune	4	4
2129	generation	4	4
2130	generous	4	4
2131	himself	4	4
2132	ignored	4	4
2133	immediately	4	4
2134	importantly	4	4
2135	impressed	4	4
2136	improvement	4	4
2137	inexpensive	4	4
2138	injured	4	4
2139	installed	4	4
2140	involving	4	4
2141	italian	4	4
2142	keen	4	4
2143	landing	4	4
2144	largest	4	4
2145	lay	4	4
2146	leaving	4	4
2147	limits	4	4
2148	lived	4	4
2149	markets	4	4
2150	master	4	4
2151	mentally	4	4
2152	models	4	4
2153	moderate	4	4
2154	moral	4	4
2155	named	4	4
2156	neither	4	4
2157	north	4	4
2158	northern	4	4
2159	noted	4	4
2160	notice	4	4
2161	ongoing	4	4
2162	outdoors	4	4
2163	overwhelmed	4	4
2164	passing	4	4
2165	plus	4	4
2166	possibility	4	4
2167	possibly	4	4
2168	precise	4	4
2169	prefers	4	4
2170	preparations	4	4
2171	previously	4	4
2172	primary	4	4
2173	problematic	4	4
2174	produces	4	4
2175	professionals	4	4
2176	properly	4	4
2177	proportion	4	4
2178	pull	4	4
2179	push	4	4
2180	puzzled	4	4
2181	ran	4	4
2182	rated	4	4
2183	reached	4	4
2184	recognizing	4	4
2185	reflected	4	4
2186	reluctant	4	4
2187	removed	4	4
2188	renting	4	4
2189	requests	4	4
2190	reserved	4	4
2191	resolve	4	4
2192	retire	4	4
2193	revealed	4	4
2194	review	4	4
2195	ride	4	4
2196	risky	4	4
2197	schedules	4	4
2198	shared	4	4
2199	sharply	4	4
2200	signs	4	4
2201	sit	4	4
2202	sites	4	4
2203	stayed	4	4
2204	stimulate	4	4
2205	straightforward	4	4
2206	street	4	4
2207	strive	4	4
2208	stronger	4	4
2209	style	4	4
2210	suddenly	4	4
2211	supplies	4	4
2212	surfing	4	4
2213	surprising	4	4
2214	sustain	4	4
2215	television	4	4
2216	temperature	4	4
2217	totally	4	4
2218	touch	4	4
2219	translation	4	4
2220	traveling	4	4
2221	understood	4	4
2222	unless	4	4
2223	views	4	4
2224	vigorous	4	4
2225	visual	4	4
2226	war	4	4
2227	acceptable	4	3
2228	achieving	4	3
2229	acknowledge	4	3
2230	advancement	4	3
2231	advantages	4	3
2232	aisles	4	3
2233	applications	4	3
2234	appreciate	4	3
2235	assistance	4	3
2236	association	4	3
2237	automatic	4	3
2238	baby	4	3
2239	begun	4	3
2240	behave	4	3
2241	belong	4	3
2242	belonging	4	3
2243	birds	4	3
2244	bought	4	3
2245	brand	4	3
2246	brands	4	3
2247	burnout	4	3
2248	captured	4	3
2249	ceremony	4	3
2250	chemical	4	3
2251	childcare	4	3
2252	clever	4	3
2253	comfortable	4	3
2254	commit	4	3
2255	completed	4	3
2256	comprehension	4	3
2257	conceal	4	3
2258	concentrate	4	3
2259	considerable	4	3
2260	consumed	4	3
2261	contains	4	3
2262	cutting	4	3
2263	danger	4	3
2264	deliver	4	3
2265	differently	4	3
2266	discover	4	3
2267	discuss	4	3
2268	distractions	4	3
2269	doctor	4	3
2270	documented	4	3
2271	dog	4	3
2272	donations	4	3
2273	doors	4	3
2274	edge	4	3
2275	era	4	3
2276	excel	4	3
2277	exciting	4	3
2278	exhausting	4	3
2279	experienced	4	3
2280	experiments	4	3
2281	facebook	4	3
2282	failures	4	3
2283	frustrated	4	3
2284	functioning	4	3
2285	fund	4	3
2286	green	4	3
2287	grocery	4	3
2288	hearts	4	3
2289	hitting	4	3
2290	hope	4	3
2291	host	4	3
2292	household	4	3
2293	humanity	4	3
2294	imagine	4	3
2295	imitate	4	3
2296	informed	4	3
2297	infrastructure	4	3
2298	initiative	4	3
2299	interpret	4	3
2300	introduce	4	3
2301	isolated	4	3
2302	john	4	3
2303	kitchen	4	3
2304	lens	4	3
2305	loans	4	3
2306	london	4	3
2307	magazine	4	3
2308	magic	4	3
2309	maintaining	4	3
2310	maximum	4	3
2311	meal	4	3
2312	mentality	4	3
2313	method	4	3
2314	misleading	4	3
2315	modest	4	3
2316	morning	4	3
2317	motivating	4	3
2318	net	4	3
2319	newly	4	3
2320	official	4	3
2321	ohio	4	3
2322	original	4	3
2323	outcome	4	3
2324	outcompete	4	3
2325	outdoor	4	3
2326	owned	4	3
2327	papers	4	3
2328	parent	4	3
2329	permanently	4	3
2330	permission	4	3
2331	physically	4	3
2332	physicians	4	3
2333	prefer	4	3
2334	preparing	4	3
2335	prevention	4	3
2336	publicly	4	3
2337	pupils	4	3
2338	quit	4	3
2339	ready	4	3
2340	refer	4	3
2341	regions	4	3
2342	requirements	4	3
2343	rescue	4	3
2344	retiring	4	3
2345	risen	4	3
2346	seemed	4	3
2347	sells	4	3
2348	serve	4	3
2349	served	4	3
2350	shrinking	4	3
2351	site	4	3
2352	skilled	4	3
2353	slow	4	3
2354	smaller	4	3
2355	somewhere	4	3
2356	spouse	4	3
2357	stopped	4	3
2358	strengthened	4	3
2359	stressed	4	3
2360	sum	4	3
2361	sun	4	3
2362	supported	4	3
2363	surely	4	3
2364	surprised	4	3
2365	survive	4	3
2366	swimming	4	3
2367	teach	4	3
2368	teenage	4	3
2369	terrible	4	3
2370	testing	4	3
2371	thrive	4	3
2372	ticket	4	3
2373	unknown	4	3
2374	unrealistic	4	3
2375	unwanted	4	3
2376	useless	4	3
2377	victim	4	3
2378	villagers	4	3
2379	watching	4	3
2380	winter	4	3
2381	workforce	4	3
2382	writer	4	3
2383	agreement	4	2
2384	app	4	2
2385	appetite	4	2
2386	architect	4	2
2387	assistant	4	2
2388	attraction	4	2
2389	attributed	4	2
2390	awarded	4	2
2391	beef	4	2
2392	cheat	4	2
2393	cholesterol	4	2
2394	cinema	4	2
2395	collaborate	4	2
2396	commitment	4	2
2397	compatible	4	2
2398	concrete	4	2
2399	dads	4	2
2400	david	4	2
2401	discount	4	2
2402	dishes	4	2
2403	distant	4	2
2404	distribution	4	2
2405	dolphins	4	2
2406	earth	4	2
2407	eliminate	4	2
2408	enjoyment	4	2
2409	ensuring	4	2
2410	fatigue	4	2
2411	fingers	4	2
2412	former	4	2
2413	grant	4	2
2414	housework	4	2
2415	incomes	4	2
2416	interventions	4	2
2417	judges	4	2
2418	jumping	4	2
2419	king	4	2
2420	letter	4	2
2421	lying	4	2
2422	mindsets	4	2
2423	nap	4	2
2424	networking	4	2
2425	nutritious	4	2
2426	olympic	4	2
2427	package	4	2
2428	pieces	4	2
2429	pile	4	2
2430	player	4	2
2431	pound	4	2
2432	preserve	4	2
2433	puzzles	4	2
2434	rating	4	2
2435	recycled	4	2
2436	redesigned	4	2
2437	seating	4	2
2438	seniors	4	2
2439	stores	4	2
2440	taxes	4	2
2441	teamwork	4	2
2442	tells	4	2
2443	tonnes	4	2
2444	traps	4	2
2445	travelers	4	2
2446	tricks	4	2
2447	unemployed	4	2
2448	unethical	4	2
2449	vegetarians	4	2
2450	walls	4	2
2451	walsh	4	2
2452	wildlife	4	2
2453	afection	4	1
2454	airfares	4	1
2455	bans	4	1
2456	bats	4	1
2457	bones	4	1
2458	bored	4	1
2459	broadcasting	4	1
2460	carbon	4	1
2461	coca	4	1
2462	cyclists	4	1
2463	distinctions	4	1
2464	dittoh	4	1
2465	domestic	4	1
2466	dorm	4	1
2467	earners	4	1
2468	ecclestone	4	1
2469	emissions	4	1
2470	fan	4	1
2471	fine	4	1
2472	fountains	4	1
2473	gamers	4	1
2474	humility	4	1
2475	immigrants	4	1
2476	intensity	4	1
2477	jarvis	4	1
2478	jfl	4	1
2479	labelling	4	1
2480	layer	4	1
2481	lean	4	1
2482	learner	4	1
2483	napping	4	1
2484	narrative	4	1
2485	nestle	4	1
2486	nobel	4	1
2487	numerical	4	1
2488	paternity	4	1
2489	poisonous	4	1
2490	pools	4	1
2491	shrimp	4	1
2492	snacking	4	1
2493	spacing	4	1
2494	stocks	4	1
2495	throughput	4	1
2496	title	4	1
2497	abandoned	3	3
2498	abilities	3	3
2499	absolutely	3	3
2500	accomplish	3	3
2501	adapted	3	3
2502	adjustments	3	3
2503	administration	3	3
2504	adopted	3	3
2505	advance	3	3
2506	affairs	3	3
2507	agents	3	3
2508	aggressive	3	3
2509	alive	3	3
2510	announced	3	3
2511	answered	3	3
2512	anticipate	3	3
2513	anywhere	3	3
2514	apparently	3	3
2515	applies	3	3
2516	approaches	3	3
2517	appropriate	3	3
2518	arrive	3	3
2519	asia	3	3
2520	associating	3	3
2521	associations	3	3
2522	attachment	3	3
2523	australia	3	3
2524	authorities	3	3
2525	backed	3	3
2526	basics	3	3
2527	bathrooms	3	3
2528	beat	3	3
2529	bird	3	3
2530	blog	3	3
2531	boosting	3	3
2532	bound	3	3
2533	boxes	3	3
2534	breakfast	3	3
2535	bringing	3	3
2536	broadening	3	3
2537	bullied	3	3
2538	capability	3	3
2539	careful	3	3
2540	caring	3	3
2541	casually	3	3
2542	cat	3	3
2543	characteristic	3	3
2544	chose	3	3
2545	claiming	3	3
2546	clock	3	3
2547	closing	3	3
2548	comfort	3	3
2549	commercial	3	3
2550	communicative	3	3
2551	compete	3	3
2552	complaints	3	3
2553	component	3	3
2554	computers	3	3
2555	concludes	3	3
2556	conduct	3	3
2557	connecting	3	3
2558	considers	3	3
2559	constitutes	3	3
2560	construction	3	3
2561	content	3	3
2562	continuously	3	3
2563	convenient	3	3
2564	correct	3	3
2565	counter	3	3
2566	creatures	3	3
2567	curious	3	3
2568	damaging	3	3
2569	deadline	3	3
2570	deals	3	3
2571	debated	3	3
2572	decreased	3	3
2573	depending	3	3
2574	deserve	3	3
2575	desired	3	3
2576	desires	3	3
2577	determining	3	3
2578	device	3	3
2579	differs	3	3
2580	digitally	3	3
2581	discomfort	3	3
2582	discovering	3	3
2583	discrimination	3	3
2584	dish	3	3
2585	dismissed	3	3
2586	distinguish	3	3
2587	district	3	3
2588	dramatically	3	3
2589	dull	3	3
2590	engagement	3	3
2591	enhancing	3	3
2592	ensures	3	3
2593	entertainment	3	3
2594	equipment	3	3
2595	equipped	3	3
2596	ethical	3	3
2597	evolution	3	3
2598	examples	3	3
2599	exists	3	3
2600	expectation	3	3
2601	explain	3	3
2602	explains	3	3
2603	extensively	3	3
2604	facilitate	3	3
2605	fallen	3	3
2606	fascinated	3	3
2607	fashioned	3	3
2608	fight	3	3
2609	fill	3	3
2610	filled	3	3
2611	financially	3	3
2612	finish	3	3
2613	fire	3	3
2614	fix	3	3
2615	football	3	3
2616	forces	3	3
2617	forgot	3	3
2618	frame	3	3
2619	freedom	3	3
2620	frightening	3	3
2621	fulfillment	3	3
2622	fundamental	3	3
2623	funds	3	3
2624	gaining	3	3
2625	gathered	3	3
2626	gathering	3	3
2627	gift	3	3
2628	gives	3	3
2629	grains	3	3
2630	guided	3	3
2631	hang	3	3
2632	hired	3	3
2633	historically	3	3
2634	hug	3	3
2635	identifying	3	3
2636	immature	3	3
2637	impacted	3	3
2638	implemented	3	3
2639	implies	3	3
2640	incentive	3	3
2641	includes	3	3
2642	incredibly	3	3
2643	indifferent	3	3
2644	inevitable	3	3
2645	initial	3	3
2646	insisted	3	3
2647	instantly	3	3
2648	institute	3	3
2649	insurance	3	3
2650	join	3	3
2651	judging	3	3
2652	judgment	3	3
2653	jump	3	3
2654	keeps	3	3
2655	knew	3	3
2656	lacking	3	3
2657	landscape	3	3
2658	launch	3	3
2659	leaves	3	3
2660	lie	3	3
2661	linking	3	3
2662	listen	3	3
2663	loan	3	3
2664	locals	3	3
2665	lonely	3	3
2666	losses	3	3
2667	loves	3	3
2668	loyalty	3	3
2669	mainstream	3	3
2670	manual	3	3
2671	married	3	3
2672	measure	3	3
2673	mere	3	3
2674	milk	3	3
2675	monthly	3	3
2676	morally	3	3
2677	myself	3	3
2678	mystery	3	3
2679	nearest	3	3
2680	newcastle	3	3
2681	newspaper	3	3
2682	nine	3	3
2683	noisy	3	3
2684	none	3	3
2685	noticed	3	3
2686	nowhere	3	3
2687	nutrient	3	3
2688	nutritional	3	3
2689	objective	3	3
2690	occupied	3	3
2691	olds	3	3
2692	openness	3	3
2693	opposite	3	3
2694	organisation	3	3
2695	organized	3	3
2696	originated	3	3
2697	outperform	3	3
2698	outstanding	3	3
2699	panic	3	3
2700	patience	3	3
2701	peak	3	3
2702	perceive	3	3
2703	perception	3	3
2704	performing	3	3
2705	persuade	3	3
2706	pharmaceutical	3	3
2707	phase	3	3
2708	platform	3	3
2709	pocket	3	3
2710	political	3	3
2711	poorer	3	3
2712	poorly	3	3
2713	pop	3	3
2714	possess	3	3
2715	practices	3	3
2716	precisely	3	3
2717	presented	3	3
2718	prevailing	3	3
2719	primarily	3	3
2720	priority	3	3
2721	programme	3	3
2722	projects	3	3
2723	prompt	3	3
2724	protecting	3	3
2725	providers	3	3
2726	pushing	3	3
2727	radical	3	3
2728	reaction	3	3
2729	recognized	3	3
2730	recruiting	3	3
2731	refined	3	3
2732	refraining	3	3
2733	regards	3	3
2734	regional	3	3
2735	reinforces	3	3
2736	relieve	3	3
2737	remained	3	3
2738	reminded	3	3
2739	rendered	3	3
2740	replaced	3	3
2741	represents	3	3
2742	researching	3	3
2743	restructured	3	3
2744	resulted	3	3
2745	retired	3	3
2746	sad	3	3
2747	safely	3	3
2748	sample	3	3
2749	satisfy	3	3
2750	saves	3	3
2751	scholar	3	3
2752	screen	3	3
2753	secondary	3	3
2754	seeing	3	3
2755	seldom	3	3
2756	separate	3	3
2757	serving	3	3
2758	severely	3	3
2759	sharp	3	3
2760	shoppers	3	3
2761	similarly	3	3
2762	sister	3	3
2763	sitting	3	3
2764	skin	3	3
2765	sleeping	3	3
2766	slowing	3	3
2767	slowly	3	3
2768	smartphone	3	3
2769	solid	3	3
2770	solved	3	3
2771	sophisticated	3	3
2772	sought	3	3
2773	sparked	3	3
2774	speakers	3	3
2775	speaks	3	3
2776	specifically	3	3
2777	spots	3	3
2778	spread	3	3
2779	spring	3	3
2780	stage	3	3
2781	standards	3	3
2782	standing	3	3
2783	stimulates	3	3
2784	stolen	3	3
2785	strain	3	3
2786	stressful	3	3
2787	suffers	3	3
2788	sufficient	3	3
2789	suitable	3	3
2790	sums	3	3
2791	superficial	3	3
2792	surgery	3	3
2793	surprise	3	3
2794	surprisingly	3	3
2795	suspicion	3	3
2796	sympathy	3	3
2797	tasty	3	3
2798	teaches	3	3
2799	technological	3	3
2800	tends	3	3
2801	tested	3	3
2802	thinks	3	3
2803	thousands	3	3
2804	tons	3	3
2805	train	3	3
2806	traveled	3	3
2807	tree	3	3
2808	unacceptable	3	3
2809	unaware	3	3
2810	unchanged	3	3
2811	uncommon	3	3
2812	undergo	3	3
2813	undertake	3	3
2814	unsurprisingly	3	3
2815	unwilling	3	3
2816	urgency	3	3
2817	usage	3	3
2818	validity	3	3
2819	vanish	3	3
2820	vegetarian	3	3
2821	viewed	3	3
2822	visible	3	3
2823	visiting	3	3
2824	visually	3	3
2825	volunteer	3	3
2826	wander	3	3
2827	wanting	3	3
2828	warm	3	3
2829	watched	3	3
2830	weaknesses	3	3
2831	welcomed	3	3
2832	west	3	3
2833	white	3	3
2834	wide	3	3
2835	witnessed	3	3
2836	worried	3	3
2837	wrote	3	3
2838	zoo	3	3
2839	absent	3	2
2840	abstract	3	2
2841	accept	3	2
2842	accommodate	3	2
2843	accounted	3	2
2844	acquired	3	2
2845	admitted	3	2
2846	african	3	2
2847	agencies	3	2
2848	agricultural	3	2
2849	alternative	3	2
2850	analyst	3	2
2851	ancestry	3	2
2852	applicant	3	2
2853	argument	3	2
2854	army	3	2
2855	arouse	3	2
2856	asleep	3	2
2857	athletic	3	2
2858	attaining	3	2
2859	attract	3	2
2860	authority	3	2
2861	automatically	3	2
2862	autonomous	3	2
2863	backgrounds	3	2
2864	banned	3	2
2865	bar	3	2
2866	barely	3	2
2867	basically	3	2
2868	bears	3	2
2869	biology	3	2
2870	black	3	2
2871	bodies	3	2
2872	bold	3	2
2873	borrowed	3	2
2874	boundaries	3	2
2875	burdened	3	2
2876	capabilities	3	2
2877	caregiving	3	2
2878	central	3	2
2879	centuries	3	2
2880	cereal	3	2
2881	character	3	2
2882	characters	3	2
2883	cheek	3	2
2884	chicken	3	2
2885	chronic	3	2
2886	colors	3	2
2887	combining	3	2
2888	compensated	3	2
2889	complications	3	2
2890	concerning	3	2
2891	conference	3	2
2892	conjunction	3	2
2893	consent	3	2
2894	consistent	3	2
2895	contained	3	2
2896	continually	3	2
2897	convince	3	2
2898	crime	3	2
2899	criteria	3	2
2900	damn	3	2
2901	daughter	3	2
2902	dealer	3	2
2903	debating	3	2
2904	deceptive	3	2
2905	deeper	3	2
2906	depressed	3	2
2907	descriptions	3	2
2908	determinedly	3	2
2909	developer	3	2
2910	difficulties	3	2
2911	dilemma	3	2
2912	disasters	3	2
2913	disciplines	3	2
2914	discussion	3	2
2915	distraction	3	2
2916	distress	3	2
2917	double	3	2
2918	draw	3	2
2919	dressed	3	2
2920	duties	3	2
2921	economists	3	2
2922	elsewhere	3	2
2923	ends	3	2
2924	enrolled	3	2
2925	episodes	3	2
2926	error	3	2
2927	escaped	3	2
2928	everywhere	3	2
2929	examining	3	2
2930	exhibit	3	2
2931	explanations	3	2
2932	extend	3	2
2933	external	3	2
2934	fabric	3	2
2935	fair	3	2
2936	fame	3	2
2937	feared	3	2
2938	fears	3	2
2939	feasible	3	2
2940	feet	3	2
2941	festival	3	2
2942	figuring	3	2
2943	fits	3	2
2944	fold	3	2
2945	foot	3	2
2946	foundations	3	2
2947	freely	3	2
2948	genuine	3	2
2949	genuinely	3	2
2950	geographic	3	2
2951	giants	3	2
2952	graders	3	2
2953	graduation	3	2
2954	groceries	3	2
2955	guests	3	2
2956	guilty	3	2
2957	herself	3	2
2958	hinders	3	2
2959	hunting	3	2
2960	hurt	3	2
2961	hurting	3	2
2962	imaginative	3	2
2963	incorrectly	3	2
2964	infancy	3	2
2965	influencing	3	2
2966	informal	3	2
2967	insider	3	2
2968	inspire	3	2
2969	installing	3	2
2970	insufficient	3	2
2971	integrated	3	2
2972	intentions	3	2
2973	introduced	3	2
2974	invention	3	2
2975	latin	3	2
2976	launched	3	2
2977	leader	3	2
2978	likelihood	3	2
2979	lunar	3	2
2980	makers	3	2
2981	mark	3	2
2982	massive	3	2
2983	measured	3	2
2984	messy	3	2
2985	missed	3	2
2986	mistake	3	2
2987	modifications	3	2
2988	modify	3	2
2989	motion	3	2
2990	myth	3	2
2991	neutralize	3	2
2992	newspapers	3	2
2993	norms	3	2
2994	obstacle	3	2
2995	occasional	3	2
2996	packed	3	2
2997	painting	3	2
2998	pedestrians	3	2
2999	percentage	3	2
3000	persistence	3	2
3001	pew	3	2
3002	platforms	3	2
3003	players	3	2
3004	pleasure	3	2
3005	popularity	3	2
3006	positions	3	2
3007	prime	3	2
3008	profession	3	2
3009	professors	3	2
3010	promised	3	2
3011	prospective	3	2
3012	prosperity	3	2
3013	rabbits	3	2
3014	react	3	2
3015	reap	3	2
3016	regulations	3	2
3017	rejected	3	2
3018	relational	3	2
3019	relative	3	2
3020	renewable	3	2
3021	renovate	3	2
3022	respected	3	2
3023	revolutionary	3	2
3024	rice	3	2
3025	roads	3	2
3026	robots	3	2
3027	salt	3	2
3028	saw	3	2
3029	scheduled	3	2
3030	schoolers	3	2
3031	seasonal	3	2
3032	secrets	3	2
3033	selected	3	2
3034	shortages	3	2
3035	simplest	3	2
3036	slower	3	2
3037	smartness	3	2
3038	societies	3	2
3039	soup	3	2
3040	southern	3	2
3041	sporting	3	2
3042	spotlight	3	2
3043	sticking	3	2
3044	structures	3	2
3045	studying	3	2
3046	summers	3	2
3047	super	3	2
3048	superior	3	2
3049	surface	3	2
3050	surge	3	2
3051	swollen	3	2
3052	talked	3	2
3053	threaten	3	2
3054	tomorrow	3	2
3055	tougher	3	2
3056	traditions	3	2
3057	treating	3	2
3058	ultimate	3	2
3059	unemployment	3	2
3060	unsurprising	3	2
3061	update	3	2
3062	varieties	3	2
3063	vessels	3	2
3064	via	3	2
3065	victims	3	2
3066	viewers	3	2
3067	visibility	3	2
3068	voices	3	2
3069	warning	3	2
3070	washington	3	2
3071	wealth	3	2
3072	wealthy	3	2
3073	weekend	3	2
3074	wishing	3	2
3075	worries	3	2
3076	abraham	3	1
3077	abta	3	1
3078	amily	3	1
3079	annual	3	1
3080	arabian	3	1
3081	ave	3	1
3082	ban	3	1
3083	bikes	3	1
3084	bottle	3	1
3085	burger	3	1
3086	busyness	3	1
3087	buyers	3	1
3088	chan	3	1
3089	cheated	3	1
3090	chetan	3	1
3091	client	3	1
3092	clint	3	1
3093	cloning	3	1
3094	closure	3	1
3095	codes	3	1
3096	colour	3	1
3097	computational	3	1
3098	cooler	3	1
3099	coronary	3	1
3100	curriculum	3	1
3101	cycling	3	1
3102	daniel	3	1
3103	delayed	3	1
3104	designer	3	1
3105	deviates	3	1
3106	disorder	3	1
3107	dramatist	3	1
3108	drier	3	1
3109	endangered	3	1
3110	equality	3	1
3111	essays	3	1
3112	eve	3	1
3113	fibre	3	1
3114	fragmentation	3	1
3115	fraud	3	1
3116	fructose	3	1
3117	gardens	3	1
3118	gratification	3	1
3119	hair	3	1
3120	heads	3	1
3121	iif	3	1
3122	inequality	3	1
3123	instinct	3	1
3124	jeans	3	1
3125	joe	3	1
3126	kelly	3	1
3127	layout	3	1
3128	lee	3	1
3129	license	3	1
3130	liebman	3	1
3131	listener	3	1
3132	loser	3	1
3133	marine	3	1
3134	mine	3	1
3135	minister	3	1
3136	monaco	3	1
3137	morocco	3	1
3138	motivates	3	1
3139	mountainous	3	1
3140	multitasker	3	1
3141	myriam	3	1
3142	nerves	3	1
3143	numberless	3	1
3144	olive	3	1
3145	ollowing	3	1
3146	orchestras	3	1
3147	pandemic	3	1
3148	planting	3	1
3149	poverty	3	1
3150	realm	3	1
3151	redesign	3	1
3152	reich	3	1
3153	retention	3	1
3154	rideout	3	1
3155	ritman	3	1
3156	robot	3	1
3157	rush	3	1
3158	sam	3	1
3159	seaside	3	1
3160	sensors	3	1
3161	sessions	3	1
3162	shapiro	3	1
3163	shaughnessy	3	1
3164	shirt	3	1
3165	shocking	3	1
3166	sibm	3	1
3167	sillero	3	1
3168	skillman	3	1
3169	smith	3	1
3170	sponsored	3	1
3171	stratford	3	1
3172	strokes	3	1
3173	substances	3	1
3174	superiors	3	1
3175	survival	3	1
3176	symbolic	3	1
3177	texting	3	1
3178	texts	3	1
3179	tinker	3	1
3180	tlt	3	1
3181	traces	3	1
3182	treatments	3	1
3183	trip	3	1
3184	typing	3	1
3185	unpaid	3	1
3186	vocabulary	3	1
3187	warmer	3	1
3188	warming	3	1
3189	weaken	3	1
3190	wilding	3	1
3191	wine	3	1
3192	abandon	2	2
3193	abnormal	2	2
3194	absorb	2	2
3195	absorbed	2	2
3196	absorbing	2	2
3197	academically	2	2
3198	accompany	2	2
3199	accomplished	2	2
3200	accumulate	2	2
3201	accumulated	2	2
3202	accurately	2	2
3203	accused	2	2
3204	achievable	2	2
3205	achievement	2	2
3206	acknowledged	2	2
3207	acquisition	2	2
3208	adaptability	2	2
3209	adapting	2	2
3210	addictive	2	2
3211	adding	2	2
3212	admission	2	2
3213	admits	2	2
3214	advances	2	2
3215	advocate	2	2
3216	afternoon	2	2
3217	agreed	2	2
3218	agriculture	2	2
3219	aims	2	2
3220	airlines	2	2
3221	airport	2	2
3222	alongside	2	2
3223	amateur	2	2
3224	amazon	2	2
3225	amongst	2	2
3226	analyses	2	2
3227	analysts	2	2
3228	analyzed	2	2
3229	ancestors	2	2
3230	andrea	2	2
3231	anger	2	2
3232	angry	2	2
3233	anniversary	2	2
3234	announce	2	2
3235	annoyed	2	2
3236	answering	2	2
3237	anxieties	2	2
3238	anytime	2	2
3239	apparent	2	2
3240	apple	2	2
3241	applicable	2	2
3242	appropriately	2	2
3243	approved	2	2
3244	arbitrarily	2	2
3245	argued	2	2
3246	arise	2	2
3247	arises	2	2
3248	armed	2	2
3249	arms	2	2
3250	aspect	2	2
3251	asset	2	2
3252	assigned	2	2
3253	assumed	2	2
3254	assumes	2	2
3255	assumption	2	2
3256	assured	2	2
3257	astonishing	2	2
3258	athlete	2	2
3259	attached	2	2
3260	attacks	2	2
3261	attainment	2	2
3262	attended	2	2
3263	attractive	2	2
3264	audiences	2	2
3265	availability	2	2
3266	avoided	2	2
3267	baking	2	2
3268	ball	2	2
3269	banks	2	2
3270	bars	2	2
3271	baseline	2	2
3272	basketball	2	2
3273	beating	2	2
3274	beats	2	2
3275	bedrooms	2	2
3276	behalf	2	2
3277	beijing	2	2
3278	below	2	2
3279	besides	2	2
3280	beverages	2	2
3281	biological	2	2
3282	birth	2	2
3283	blind	2	2
3284	blindly	2	2
3285	block	2	2
3286	blow	2	2
3287	blowing	2	2
3288	boasts	2	2
3289	bombs	2	2
3290	boosted	2	2
3291	bowl	2	2
3292	breath	2	2
3293	breed	2	2
3294	broader	2	2
3295	brutal	2	2
3296	burning	2	2
3297	cafes	2	2
3298	calls	2	2
3299	cargo	2	2
3300	carried	2	2
3301	cater	2	2
3302	caters	2	2
3303	caution	2	2
3304	cautious	2	2
3305	celebration	2	2
3306	centered	2	2
3307	certificates	2	2
3308	chair	2	2
3309	chatting	2	2
3310	cheap	2	2
3311	checked	2	2
3312	chickens	2	2
3313	chores	2	2
3314	church	2	2
3315	circles	2	2
3316	circulation	2	2
3317	citing	2	2
3318	citizen	2	2
3319	classify	2	2
3320	clean	2	2
3321	climates	2	2
3322	coaches	2	2
3323	code	2	2
3324	colleague	2	2
3325	collect	2	2
3326	collected	2	2
3327	com	2	2
3328	combined	2	2
3329	commands	2	2
3330	commodities	2	2
3331	commodity	2	2
3332	commonly	2	2
3333	comparable	2	2
3334	competitions	2	2
3335	competitors	2	2
3336	complain	2	2
3337	completing	2	2
3338	completion	2	2
3339	concepts	2	2
3340	conclusions	2	2
3341	confined	2	2
3342	consequently	2	2
3343	considerations	2	2
3344	constraints	2	2
3345	consulting	2	2
3346	contacted	2	2
3347	contest	2	2
3348	continued	2	2
3349	continuous	2	2
3350	contract	2	2
3351	contradictory	2	2
3352	contribution	2	2
3353	controversial	2	2
3354	convenience	2	2
3355	converts	2	2
3356	conveyed	2	2
3357	cooperate	2	2
3358	coordinator	2	2
3359	copy	2	2
3360	core	2	2
3361	corresponding	2	2
3362	council	2	2
3363	count	2	2
3364	couple	2	2
3365	covered	2	2
3366	covers	2	2
3367	crashes	2	2
3368	crawling	2	2
3369	crew	2	2
3370	criminal	2	2
3371	cross	2	2
3372	crowds	2	2
3373	cultivated	2	2
3374	culturally	2	2
3375	damages	2	2
3376	dangers	2	2
3377	date	2	2
3378	daydream	2	2
3379	dealing	2	2
3380	deception	2	2
3381	declined	2	2
3382	dedicated	2	2
3383	deem	2	2
3384	degrees	2	2
3385	deliberate	2	2
3386	deliberation	2	2
3387	delight	2	2
3388	delivery	2	2
3389	demonstrate	2	2
3390	demonstrated	2	2
3391	denied	2	2
3392	deny	2	2
3393	deposit	2	2
3394	depressing	2	2
3395	depths	2	2
3396	derived	2	2
3397	described	2	2
3398	describing	2	2
3399	description	2	2
3400	desk	2	2
3401	desks	2	2
3402	desperate	2	2
3403	desperately	2	2
3404	destination	2	2
3405	destinations	2	2
3406	destined	2	2
3407	destroy	2	2
3408	destroyed	2	2
3409	destroying	2	2
3410	detached	2	2
3411	detail	2	2
3412	detect	2	2
3413	deteriorating	2	2
3414	determinant	2	2
3415	determines	2	2
3416	devote	2	2
3417	digging	2	2
3418	directed	2	2
3419	director	2	2
3420	disappear	2	2
3421	disappeared	2	2
3422	disappointed	2	2
3423	disastrous	2	2
3424	disclose	2	2
3425	discourage	2	2
3426	discouraged	2	2
3427	dismiss	2	2
3428	disorders	2	2
3429	disputes	2	2
3430	disruption	2	2
3431	distributed	2	2
3432	disturbed	2	2
3433	divide	2	2
3434	divided	2	2
3435	dividing	2	2
3436	divorce	2	2
3437	dominance	2	2
3438	dominated	2	2
3439	donates	2	2
3440	donation	2	2
3441	dose	2	2
3442	doubled	2	2
3443	doubt	2	2
3444	doubtful	2	2
3445	drawn	2	2
3446	drew	2	2
3447	drives	2	2
3448	drop	2	2
3449	dropped	2	2
3450	droughts	2	2
3451	dubai	2	2
3452	dying	2	2
3453	dynamic	2	2
3454	ears	2	2
3455	east	2	2
3456	eaten	2	2
3457	eco	2	2
3458	economically	2	2
3459	edit	2	2
3460	elders	2	2
3461	element	2	2
3462	elementary	2	2
3463	elements	2	2
3464	emergence	2	2
3465	emerges	2	2
3466	emphasizes	2	2
3467	ending	2	2
3468	endure	2	2
3469	engine	2	2
3470	enrich	2	2
3471	enriching	2	2
3472	enrollment	2	2
3473	ensured	2	2
3474	enterprises	2	2
3475	entitled	2	2
3476	equivalent	2	2
3477	erin	2	2
3478	establishment	2	2
3479	estimated	2	2
3480	etc	2	2
3481	european	2	2
3482	euros	2	2
3483	evaluating	2	2
3484	evenly	2	2
3485	evolve	2	2
3486	excellent	2	2
3487	exert	2	2
3488	exhausted	2	2
3489	existence	2	2
3490	existent	2	2
3491	expense	2	2
3492	explanation	2	2
3493	explicitly	2	2
3494	explored	2	2
3495	expose	2	2
3496	extended	2	2
3497	extent	2	2
3498	extinct	2	2
3499	faces	2	2
3500	facilitates	2	2
3501	faculty	2	2
3502	failed	2	2
3503	fails	2	2
3504	fairly	2	2
3505	false	2	2
3506	familiarize	2	2
3507	familiarizing	2	2
3508	fatal	2	2
3509	fats	2	2
3510	fault	2	2
3511	favor	2	2
3512	favorable	2	2
3513	favour	2	2
3514	feasibility	2	2
3515	fed	2	2
3516	fierce	2	2
3517	finance	2	2
3518	fitness	2	2
3519	flag	2	2
3520	flat	2	2
3521	flexibly	2	2
3522	flying	2	2
3523	fond	2	2
3524	forcing	2	2
3525	foreign	2	2
3526	foresee	2	2
3527	forest	2	2
3528	forge	2	2
3529	forming	2	2
3530	formulate	2	2
3531	forty	2	2
3532	fossil	2	2
3533	founded	2	2
3534	founder	2	2
3535	fountain	2	2
3536	fourth	2	2
3537	francisco	2	2
3538	freshwater	2	2
3539	friday	2	2
3540	frustration	2	2
3541	fuel	2	2
3542	fulfilled	2	2
3543	fuller	2	2
3544	furthermore	2	2
3545	gate	2	2
3546	gather	2	2
3547	generated	2	2
3548	genetically	2	2
3549	genius	2	2
3550	geography	2	2
3551	germany	2	2
3552	ghana	2	2
3553	grab	2	2
3554	grew	2	2
3555	grows	2	2
3556	guard	2	2
3557	handful	2	2
3558	handy	2	2
3559	hanging	2	2
3560	happening	2	2
3561	hardest	2	2
3562	harsh	2	2
3563	headed	2	2
3564	healthcare	2	2
3565	hear	2	2
3566	heated	2	2
3567	height	2	2
3568	highlight	2	2
3569	hinder	2	2
3570	hobby	2	2
3571	holds	2	2
3572	hometown	2	2
3573	homework	2	2
3574	honest	2	2
3575	honor	2	2
3576	honored	2	2
3577	hopeless	2	2
3578	hotel	2	2
3579	hundred	2	2
3580	hunt	2	2
3581	hunted	2	2
3582	ideally	2	2
3583	ignoring	2	2
3584	illegally	2	2
3585	imitating	2	2
3586	imitation	2	2
3587	implement	2	2
3588	implementing	2	2
3589	imposed	2	2
3590	impractical	2	2
3591	impression	2	2
3592	impressive	2	2
3593	inborn	2	2
3594	incident	2	2
3595	inclination	2	2
3596	inclined	2	2
3597	independent	2	2
3598	indicated	2	2
3599	indirectly	2	2
3600	induced	2	2
3601	induces	2	2
3602	infer	2	2
3603	influential	2	2
3604	ingredients	2	2
3605	initiate	2	2
3606	injury	2	2
3607	innovations	2	2
3608	inquire	2	2
3609	inquiries	2	2
3610	insights	2	2
3611	insist	2	2
3612	inspect	2	2
3613	inspired	2	2
3614	instagram	2	2
3615	instances	2	2
3616	instructed	2	2
3617	instruction	2	2
3618	interfere	2	2
3619	interior	2	2
3620	interpreted	2	2
3621	interviewer	2	2
3622	interviews	2	2
3623	intolerable	2	2
3624	introduction	2	2
3625	investigating	2	2
3626	inviting	2	2
3627	issued	2	2
3628	italy	2	2
3629	item	2	2
3630	jet	2	2
3631	jobless	2	2
3632	joined	2	2
3633	journey	2	2
3634	joy	2	2
3635	juices	2	2
3636	justify	2	2
3637	keys	2	2
3638	khan	2	2
3639	kid	2	2
3640	killed	2	2
3641	killer	2	2
3642	kilograms	2	2
3643	knows	2	2
3644	labeled	2	2
3645	ladder	2	2
3646	landscapes	2	2
3647	laptop	2	2
3648	lasting	2	2
3649	launching	2	2
3650	legally	2	2
3651	legislation	2	2
3652	lesser	2	2
3653	lessons	2	2
3654	lets	2	2
3655	letters	2	2
3656	liberties	2	2
3657	lifelong	2	2
3658	linkedln	2	2
3659	listeners	2	2
3660	listening	2	2
3661	literally	2	2
3662	lively	2	2
3663	liver	2	2
3664	locate	2	2
3665	location	2	2
3666	logic	2	2
3667	logically	2	2
3668	longest	2	2
3669	longtime	2	2
3670	looks	2	2
3671	loud	2	2
3672	loved	2	2
3673	lovely	2	2
3674	lovers	2	2
3675	lucid	2	2
3676	mail	2	2
3677	maintained	2	2
3678	manipulated	2	2
3679	manipulating	2	2
3680	mankind	2	2
3681	march	2	2
3682	markedly	2	2
3683	mass	2	2
3684	mastered	2	2
3685	mathematical	2	2
3686	meets	2	2
3687	mention	2	2
3688	miami	2	2
3689	microscope	2	2
3690	minute	2	2
3691	misery	2	2
3692	misguided	2	2
3693	miss	2	2
3694	mistaken	2	2
3695	mix	2	2
3696	mixed	2	2
3697	modem	2	2
3698	monitor	2	2
3699	mouth	2	2
3700	movement	2	2
3701	muscles	2	2
3702	naomi	2	2
3703	narration	2	2
3704	nationally	2	2
3705	nationwide	2	2
3706	neglect	2	2
3707	negotiate	2	2
3708	negotiators	2	2
3709	nephew	2	2
3710	neutral	2	2
3711	nonexistent	2	2
3712	noticeable	2	2
3713	november	2	2
3714	nuclear	2	2
3715	nuisance	2	2
3716	nuts	2	2
3717	objection	2	2
3718	observing	2	2
3719	obtaining	2	2
3720	occasions	2	2
3721	occurs	2	2
3722	oldest	2	2
3723	onto	2	2
3724	operations	2	2
3725	opt	2	2
3726	optimism	2	2
3727	orange	2	2
3728	organic	2	2
3729	organisational	2	2
3730	organizers	2	2
3731	oriented	2	2
3732	originally	2	2
3733	ought	2	2
3734	outlet	2	2
3735	outsiders	2	2
3736	overlooked	2	2
3737	oversee	2	2
3738	overweight	2	2
3739	overworked	2	2
3740	owed	2	2
3741	owing	2	2
3742	oxford	2	2
3743	packaging	2	2
3744	page	2	2
3745	painted	2	2
3746	palace	2	2
3747	parenting	2	2
3748	parks	2	2
3749	participation	2	2
3750	parties	2	2
3751	pathways	2	2
3752	paul	2	2
3753	payment	2	2
3754	payments	2	2
3755	percentages	2	2
3756	perfectly	2	2
3757	periods	2	2
3758	persistent	2	2
3759	persistently	2	2
3760	perspectives	2	2
3761	persuading	2	2
3762	persuasive	2	2
3763	peter	2	2
3764	philosophy	2	2
3765	phrases	2	2
3766	physician	2	2
3767	pick	2	2
3768	pigs	2	2
3769	pilot	2	2
3770	pizza	2	2
3771	planet	2	2
3772	planning	2	2
3773	plate	2	2
3774	pledged	2	2
3775	pointing	2	2
3776	poorest	2	2
3777	portions	2	2
3778	posed	2	2
3779	poses	2	2
3780	postponing	2	2
3781	precious	2	2
3782	preparation	2	2
3783	prepared	2	2
3784	preserved	2	2
3785	pressured	2	2
3786	pressures	2	2
3787	prevalence	2	2
3788	prevented	2	2
3789	preventing	2	2
3790	pride	2	2
3791	priorities	2	2
3792	prison	2	2
3793	pro	2	2
3794	procedures	2	2
3795	processing	2	2
3796	procrastination	2	2
3797	proficient	2	2
3798	profit	2	2
3799	projector	2	2
3800	proof	2	2
3801	proper	2	2
3802	proposals	2	2
3803	propose	2	2
3804	protected	2	2
3805	protective	2	2
3806	protects	2	2
3807	proved	2	2
3808	purchased	2	2
3809	purchases	2	2
3810	pure	2	2
3811	purposes	2	2
3812	pursuing	2	2
3813	pursuit	2	2
3814	pushed	2	2
3815	qualifications	2	2
3816	quantity	2	2
3817	quarter	2	2
3818	queen	2	2
3819	questioned	2	2
3820	questionnaires	2	2
3821	quitting	2	2
3822	rail	2	2
3823	ranging	2	2
3824	rapid	2	2
3825	reaching	2	2
3826	realised	2	2
3827	realistic	2	2
3828	realization	2	2
3829	realized	2	2
3830	reaped	2	2
3831	reaping	2	2
3832	recall	2	2
3833	recalled	2	2
3834	recalling	2	2
3835	receives	2	2
3836	recipe	2	2
3837	recognise	2	2
3838	reconsider	2	2
3839	recorded	2	2
3840	recover	2	2
3841	recovery	2	2
3842	recreation	2	2
3843	reduces	2	2
3844	reference	2	2
3845	reflective	2	2
3846	reflects	2	2
3847	reform	2	2
3848	register	2	2
3849	registered	2	2
3850	regulation	2	2
3851	relate	2	2
3852	relation	2	2
3853	relations	2	2
3854	released	2	2
3855	relief	2	2
3856	relies	2	2
3857	relying	2	2
3858	remaining	2	2
3859	remedies	2	2
3860	remembered	2	2
3861	remind	2	2
3862	reminds	2	2
3863	render	2	2
3864	renders	2	2
3865	rents	2	2
3866	repayment	2	2
3867	repeating	2	2
3868	replacement	2	2
3869	represent	2	2
3870	represented	2	2
3871	reputation	2	2
3872	resemble	2	2
3873	resembles	2	2
3874	resembling	2	2
3875	resistance	2	2
3876	resolution	2	2
3877	resolved	2	2
3878	resort	2	2
3879	resource	2	2
3880	responding	2	2
3881	restrain	2	2
3882	restraints	2	2
3883	restricted	2	2
3884	retain	2	2
3885	reused	2	2
3886	revealing	2	2
3887	reversed	2	2
3888	reviewing	2	2
3889	revolutionize	2	2
3890	rewarded	2	2
3891	rewarding	2	2
3892	richer	2	2
3893	riches	2	2
3894	road	2	2
3895	rose	2	2
3896	route	2	2
3897	routine	2	2
3898	ruined	2	2
3899	runs	2	2
3900	russian	2	2
3901	samples	2	2
3902	san	2	2
3903	satisfying	2	2
3904	saturday	2	2
3905	scar	2	2
3906	scheme	2	2
3907	scope	2	2
3908	score	2	2
3909	scotland	2	2
3910	secret	2	2
3911	seeds	2	2
3912	sees	2	2
3913	seize	2	2
3914	selection	2	2
3915	selling	2	2
3916	sending	2	2
3917	sent	2	2
3918	sentences	2	2
3919	serves	2	2
3920	sets	2	2
3921	settings	2	2
3922	settle	2	2
3923	shade	2	2
3924	shaped	2	2
3925	shed	2	2
3926	sheet	2	2
3927	sheets	2	2
3928	shifting	2	2
3929	shining	2	2
3930	shock	2	2
3931	shocked	2	2
3932	shoes	2	2
3933	shops	2	2
3934	shortage	2	2
3935	shortly	2	2
3936	shoulders	2	2
3937	shut	2	2
3938	sick	2	2
3939	signature	2	2
3940	significance	2	2
3941	sixty	2	2
3942	slide	2	2
3943	smell	2	2
3944	smells	2	2
3945	smooth	2	2
3946	snowy	2	2
3947	soar	2	2
3948	socially	2	2
3949	soda	2	2
3950	soft	2	2
3951	solely	2	2
3952	somebody	2	2
3953	sooner	2	2
3954	south	2	2
3955	southeast	2	2
3956	southeastern	2	2
3957	spanish	2	2
3958	spare	2	2
3959	sparkling	2	2
3960	speaking	2	2
3961	specialist	2	2
3962	speculation	2	2
3963	spends	2	2
3964	spinning	2	2
3965	spite	2	2
3966	spoke	2	2
3967	squarely	2	2
3968	stable	2	2
3969	stanford	2	2
3970	stare	2	2
3971	starts	2	2
3972	statement	2	2
3973	station	2	2
3974	steady	2	2
3975	steal	2	2
3976	stimulating	2	2
3977	storage	2	2
3978	stresses	2	2
3979	stressing	2	2
3980	strike	2	2
3981	structure	2	2
3982	subjective	2	2
3983	submit	2	2
3984	substantial	2	2
3985	substitute	2	2
3986	successfully	2	2
3987	sudden	2	2
3988	suggesting	2	2
3989	suggestion	2	2
3990	superstar	2	2
3991	supervise	2	2
3992	supporting	2	2
3993	supposed	2	2
3994	surf	2	2
3995	surgical	2	2
3996	sweet	2	2
3997	switch	2	2
3998	switched	2	2
3999	tackle	2	2
4000	tank	2	2
4001	targeting	2	2
4002	targets	2	2
4003	tastes	2	2
4004	taylor	2	2
4005	tempted	2	2
4006	texas	2	2
4007	thirst	2	2
4008	thirty	2	2
4009	thoroughly	2	2
4010	threatened	2	2
4011	threats	2	2
4012	tied	2	2
4013	ties	2	2
4014	timely	2	2
4015	tired	2	2
4016	tissue	2	2
4017	tolerate	2	2
4018	tone	2	2
4019	tongue	2	2
4020	topic	2	2
4021	trace	2	2
4022	tracking	2	2
4023	traditionally	2	2
4024	transactions	2	2
4025	transformation	2	2
4026	transforming	2	2
4027	transition	2	2
4028	transport	2	2
4029	transportation	2	2
4030	trap	2	2
4031	trapped	2	2
4032	trash	2	2
4033	trees	2	2
4034	tremendous	2	2
4035	trendy	2	2
4036	tries	2	2
4037	triple	2	2
4038	troubles	2	2
4039	trusted	2	2
4040	trusting	2	2
4041	trustworthy	2	2
4042	twenty	2	2
4043	uncomfortable	2	2
4044	unconscious	2	2
4045	underground	2	2
4046	underlines	2	2
4047	underlying	2	2
4048	unethically	2	2
4049	unfairly	2	2
4050	unfit	2	2
4051	unhealthy	2	2
4052	union	2	2
4053	universal	2	2
4054	unlikely	2	2
4055	unmanageable	2	2
4056	unnatural	2	2
4057	unnecessary	2	2
4058	unnoticed	2	2
4059	unpleasant	2	2
4060	unproductive	2	2
4061	unrelated	2	2
4062	unsuccessful	2	2
4063	unsure	2	2
4064	updated	2	2
4065	upright	2	2
4066	usual	2	2
4067	vague	2	2
4068	valid	2	2
4069	valued	2	2
4070	varied	2	2
4071	verbal	2	2
4072	version	2	2
4073	veteran	2	2
4074	videogames	2	2
4075	violation	2	2
4076	violent	2	2
4077	virtual	2	2
4078	visited	2	2
4079	volunteers	2	2
4080	vote	2	2
4081	voted	2	2
4082	warned	2	2
4083	wave	2	2
4084	weakness	2	2
4085	weekends	2	2
4086	weigh	2	2
4087	weighs	2	2
4088	wheel	2	2
4089	wherever	2	2
4090	whom	2	2
4091	wife	2	2
4092	wins	2	2
4093	wise	2	2
4094	witnessing	2	2
4095	wondered	2	2
4096	wondering	2	2
4097	wooden	2	2
4098	workings	2	2
4099	workout	2	2
4100	worrying	2	2
4101	worsening	2	2
4102	worthwhile	2	2
4103	writes	2	2
4104	yield	2	2
4105	yields	2	2
4106	youngsters	2	2
4107	zone	2	2
4108	zones	2	2
4109	zoos	2	2
4110	abandonment	2	1
4111	abundant	2	1
4112	acquaintance	2	1
4113	acting	2	1
4114	actors	2	1
4115	advisor	2	1
4116	afect	2	1
4117	affection	2	1
4118	airfare	2	1
4119	airplane	2	1
4120	alternate	2	1
4121	ambassador	2	1
4122	ant	2	1
4123	anymore	2	1
4124	aquatic	2	1
4125	arab	2	1
4126	araid	2	1
4127	arctic	2	1
4128	authorised	2	1
4129	automakers	2	1
4130	baily	2	1
4131	barran	2	1
4132	barrie	2	1
4133	bases	2	1
4134	battles	2	1
4135	bearer	2	1
4136	beast	2	1
4137	bias	2	1
4138	biases	2	1
4139	billed	2	1
4140	binding	2	1
4141	bio	2	1
4142	birdwatchers	2	1
4143	bitter	2	1
4144	blizzard	2	1
4145	bloom	2	1
4146	blue	2	1
4147	booked	2	1
4148	bosses	2	1
4149	budgets	2	1
4150	builders	2	1
4151	bullet	2	1
4152	bundles	2	1
4153	cable	2	1
4154	calculations	2	1
4155	calm	2	1
4156	cape	2	1
4157	charges	2	1
4158	charm	2	1
4159	cheating	2	1
4160	chefs	2	1
4161	chemicals	2	1
4162	chemistry	2	1
4163	chinatown	2	1
4164	chosen	2	1
4165	circumstantial	2	1
4166	cleaver	2	1
4167	clemens	2	1
4168	cleverly	2	1
4169	clients	2	1
4170	clues	2	1
4171	cola	2	1
4172	collaborating	2	1
4173	collecting	2	1
4174	collective	2	1
4175	collectors	2	1
4176	colleges	2	1
4177	commerce	2	1
4178	communicators	2	1
4179	comortable	2	1
4180	compensation	2	1
4181	comply	2	1
4182	conform	2	1
4183	connects	2	1
4184	contracted	2	1
4185	contracts	2	1
4186	controlled	2	1
4187	cool	2	1
4188	cooper	2	1
4189	corporations	2	1
4190	corrected	2	1
4191	counts	2	1
4192	crawlers	2	1
4193	credits	2	1
4194	crises	2	1
4195	culinary	2	1
4196	cupboards	2	1
4197	decimal	2	1
4198	decimally	2	1
4199	defence	2	1
4200	deficiencies	2	1
4201	definitive	2	1
4202	delaying	2	1
4203	delete	2	1
4204	densely	2	1
4205	density	2	1
4206	dependence	2	1
4207	desert	2	1
4208	desiring	2	1
4209	determination	2	1
4210	deutsche	2	1
4211	deviant	2	1
4212	deviating	2	1
4213	dfe	2	1
4214	diamonds	2	1
4215	dictate	2	1
4216	dictator	2	1
4217	directv	2	1
4218	disciplinary	2	1
4219	disclosure	2	1
4220	dishonesty	2	1
4221	distances	2	1
4222	distribute	2	1
4223	disturbing	2	1
4224	diversification	2	1
4225	diversified	2	1
4226	don	2	1
4227	dramatic	2	1
4228	drawings	2	1
4229	driverless	2	1
4230	drought	2	1
4231	duck	2	1
4232	durability	2	1
4233	eagerness	2	1
4234	eel	2	1
4235	efficiencies	2	1
4236	efficiently	2	1
4237	employees'work	2	1
4238	endanger	2	1
4239	environmentalists	2	1
4240	environments	2	1
4241	essay	2	1
4242	ethics	2	1
4243	eulas	2	1
4244	evaluate	2	1
4245	evening	2	1
4246	evolved	2	1
4247	except	2	1
4248	existed	2	1
4249	exploits	2	1
4250	expressive	2	1
4251	eynon	2	1
4252	fabrics	2	1
4253	faced	2	1
4254	factorial	2	1
4255	factory	2	1
4256	fade	2	1
4257	famed	2	1
4258	favoring	2	1
4259	fayetteville	2	1
4260	fda	2	1
4261	fictional	2	1
4262	firecrackers	2	1
4263	firsts	2	1
4264	flaw	2	1
4265	flowers	2	1
4266	fluid	2	1
4267	folks	2	1
4268	fong	2	1
4269	footing	2	1
4270	fordist	2	1
4271	foster	2	1
4272	fraction	2	1
4273	framing	2	1
4274	francis	2	1
4275	fulfil	2	1
4276	gamble	2	1
4277	geese	2	1
4278	generator	2	1
4279	genetics	2	1
4280	geoffrey	2	1
4281	geometry	2	1
4282	gig	2	1
4283	ginger	2	1
4284	goldilocks	2	1
4285	goods	2	1
4286	googled	2	1
4287	grabar	2	1
4288	grape	2	1
4289	grateful	2	1
4290	greenhouses	2	1
4291	greenland	2	1
4292	habitats	2	1
4293	hagy	2	1
4294	handling	2	1
4295	haptics	2	1
4296	heartbroken	2	1
4297	heating	2	1
4298	hereditary	2	1
4299	heroes	2	1
4300	heroism	2	1
4301	highways	2	1
4302	hits	2	1
4303	holidays	2	1
4304	hopes	2	1
4305	horses	2	1
4306	hourican	2	1
4307	hughes	2	1
4308	humor	2	1
4309	ice	2	1
4310	idaho	2	1
4311	implicitly	2	1
4312	imports	2	1
4313	impulsive	2	1
4314	indoor	2	1
4315	inducing	2	1
4316	insecure	2	1
4317	insecurity	2	1
4318	insensible	2	1
4319	instability	2	1
4320	instructor	2	1
4321	instructors	2	1
4322	insulin	2	1
4323	integrative	2	1
4324	integrity	2	1
4325	intellectual	2	1
4326	intently	2	1
4327	inuit	2	1
4328	irst	2	1
4329	items	2	1
4330	jackets	2	1
4331	jam	2	1
4332	japanese	2	1
4333	jason	2	1
4334	jetlag	2	1
4335	joan	2	1
4336	jtl	2	1
4337	justice	2	1
4338	kills	2	1
4339	kissing	2	1
4340	knee	2	1
4341	kullen	2	1
4342	laboratory	2	1
4343	lao	2	1
4344	laziness	2	1
4345	leagues	2	1
4346	lechner	2	1
4347	legitimate	2	1
4348	len	2	1
4349	lenhart	2	1
4350	liar	2	1
4351	liberty	2	1
4352	lifestyles	2	1
4353	linguistic	2	1
4354	links	2	1
4355	listed	2	1
4356	liters	2	1
4357	magazines	2	1
4358	mammals	2	1
4359	manipulative	2	1
4360	marion	2	1
4361	mars	2	1
4362	masterpieces	2	1
4363	matrixes	2	1
4364	mechanism	2	1
4365	median	2	1
4366	meteo	2	1
4367	mice	2	1
4368	michigan	2	1
4369	midazolam	2	1
4370	miles	2	1
4371	mindi	2	1
4372	miners	2	1
4373	misplaced	2	1
4374	misuse	2	1
4375	mobility	2	1
4376	moen	2	1
4377	monster	2	1
4378	montreal	2	1
4379	morrissey	2	1
4380	movements	2	1
4381	multi	2	1
4382	multinational	2	1
4383	muscle	2	1
4384	natives	2	1
4385	neate	2	1
4386	nests	2	1
4387	nobility	2	1
4388	noise	2	1
4389	nonverbal	2	1
4390	nordic	2	1
4391	occupations	2	1
4392	officers	2	1
4393	okinawan	2	1
4394	ola	2	1
4395	opposing	2	1
4396	organizational	2	1
4397	orm	2	1
4398	ornaments	2	1
4399	outliers	2	1
4400	outperforming	2	1
4401	overrated	2	1
4402	overuse	2	1
4403	packages	2	1
4404	packets	2	1
4405	parenthood	2	1
4406	parliament	2	1
4407	passive	2	1
4408	peace	2	1
4409	pensions	2	1
4410	perfection	2	1
4411	physicist	2	1
4412	planners	2	1
4413	poet	2	1
4414	postal	2	1
4415	practicality	2	1
4416	prediction	2	1
4417	prescribing	2	1
4418	pressing	2	1
4419	prisoner	2	1
4420	producer	2	1
4421	producers	2	1
4422	proteins	2	1
4423	proto	2	1
4424	publicity	2	1
4425	pulling	2	1
4426	pumped	2	1
4427	puts	2	1
4428	quiet	2	1
4429	quote	2	1
4430	racecourse	2	1
4431	rainforests	2	1
4432	raisman	2	1
4433	reactions	2	1
4434	rebecca	2	1
4435	rebelliousness	2	1
4436	receptionist	2	1
4437	recyclable	2	1
4438	ree	2	1
4439	referring	2	1
4440	refresh	2	1
4441	refrigerated	2	1
4442	relatable	2	1
4443	relevance	2	1
4444	reliant	2	1
4445	relocated	2	1
4446	repainted	2	1
4447	repetitive	2	1
4448	reproduction	2	1
4449	requirement	2	1
4450	requiring	2	1
4451	resentment	2	1
4452	residences	2	1
4453	respondents	2	1
4454	restrictions	2	1
4455	retraining	2	1
4456	reusable	2	1
4457	revolution	2	1
4458	rhythm	2	1
4459	ricci	2	1
4460	richest	2	1
4461	riendship	2	1
4462	rijt	2	1
4463	ripe	2	1
4464	rises	2	1
4465	roast	2	1
4466	rooster	2	1
4467	roth	2	1
4468	roused	2	1
4469	sae	2	1
4470	safeguards	2	1
4471	salaries	2	1
4472	sale	2	1
4473	sayings	2	1
4474	scared	2	1
4475	schlenker	2	1
4476	scholars	2	1
4477	scientist	2	1
4478	scottishpower	2	1
4479	screens	2	1
4480	seconds	2	1
4481	seller	2	1
4482	settlement	2	1
4483	shelters	2	1
4484	shrinks	2	1
4485	sievenpiper	2	1
4486	signal	2	1
4487	sleeplessness	2	1
4488	solsman	2	1
4489	songs	2	1
4490	souls	2	1
4491	spacious	2	1
4492	spiritual	2	1
4493	sponsorship	2	1
4494	square	2	1
4495	staffers	2	1
4496	staples	2	1
4497	starvation	2	1
4498	steeplechases	2	1
4499	strengthening	2	1
4500	submitted	2	1
4501	substitutes	2	1
4502	subtle	2	1
4503	subway	2	1
4504	successes	2	1
4505	symphonic	2	1
4506	tactile	2	1
4507	tailored	2	1
4508	taker	2	1
4509	talce	2	1
4510	tamale	2	1
4511	tax	2	1
4512	taxpayers	2	1
4513	tcpdf	2	1
4514	temptation	2	1
4515	teng	2	1
4516	toe	2	1
4517	tolerant	2	1
4518	tracks	2	1
4519	trainer	2	1
4520	trainers	2	1
4521	translate	2	1
4522	trips	2	1
4523	tutoring	2	1
4524	twins	2	1
4525	undernourishment	2	1
4526	upset	2	1
4527	urban	2	1
4528	validation	2	1
4529	van	2	1
4530	variable	2	1
4531	vendors	2	1
4532	versions	2	1
4533	violating	2	1
4534	volleyball	2	1
4535	vulnerability	2	1
4536	walked	2	1
4537	warnings	2	1
4538	wars	2	1
4539	weakening	2	1
4540	welch	2	1
4541	welcome	2	1
4542	wheat	2	1
4543	wheelchairs	2	1
4544	willot	2	1
4545	woolley	2	1
4546	yesterday	2	1
4547	yoga	2	1
4548	yon	2	1
4549	zimbardo	2	1
4550	abandoning	1	1
4551	abound	1	1
4552	abruptly	1	1
4553	absenteeism	1	1
4554	absolute	1	1
4555	abstraction	1	1
4556	abstractly	1	1
4557	abstracts	1	1
4558	abuse	1	1
4559	abusive	1	1
4560	accelerate	1	1
4561	accelerates	1	1
4562	accelerating	1	1
4563	accelerators	1	1
4564	accepting	1	1
4565	accidentally	1	1
4566	accidents	1	1
4567	acclimatization	1	1
4568	accommodation	1	1
4569	accompanied	1	1
4570	accomplishment	1	1
4571	accumulating	1	1
4572	accuracy	1	1
4573	accusations	1	1
4574	aces	1	1
4575	achieved	1	1
4576	acing	1	1
4577	acknowledges	1	1
4578	aclu	1	1
4579	acquaintances	1	1
4580	acquiring	1	1
4581	acted	1	1
4582	actor	1	1
4583	acts	1	1
4584	actuality	1	1
4585	acute	1	1
4586	adaptive	1	1
4587	adapts	1	1
4588	addicts	1	1
4589	additives	1	1
4590	addressing	1	1
4591	adjectives	1	1
4592	adjusted	1	1
4593	adjusting	1	1
4594	administer	1	1
4595	administered	1	1
4596	administrators	1	1
4597	admirable	1	1
4598	admit	1	1
4599	admitting	1	1
4600	adolescents	1	1
4601	adoption	1	1
4602	ads	1	1
4603	advancing	1	1
4604	adversely	1	1
4605	advertise	1	1
4606	advertised	1	1
4607	advertisers	1	1
4608	advertized	1	1
4609	advisors	1	1
4610	advocacy	1	1
4611	advocating	1	1
4612	afraid	1	1
4613	africans	1	1
4614	afterwards	1	1
4615	ageing	1	1
4616	ageism	1	1
4617	agency	1	1
4618	aggressiveness	1	1
4619	agrees	1	1
4620	aids	1	1
4621	aiming	1	1
4622	aintree	1	1
4623	airline	1	1
4624	airplanes	1	1
4625	alarm	1	1
4626	alarmingly	1	1
4627	alaska	1	1
4628	alerted	1	1
4629	alerts	1	1
4630	alexa	1	1
4631	ali	1	1
4632	alice	1	1
4633	allegedly	1	1
4634	aloud	1	1
4635	alpha	1	1
4636	alternatives	1	1
4637	alvin	1	1
4638	alzheimer	1	1
4639	amanda	1	1
4640	ambivalent	1	1
4641	ambulance	1	1
4642	americanization	1	1
4643	americanize	1	1
4644	ammal	1	1
4645	ample	1	1
4646	amsterdam	1	1
4647	amuse	1	1
4648	amusing	1	1
4649	anaerobic	1	1
4650	analytical	1	1
4651	analyze	1	1
4652	analyzing	1	1
4653	ancestor	1	1
4654	ancestral	1	1
4655	ancient	1	1
4656	anderson	1	1
4657	andrew	1	1
4658	angela	1	1
4659	ankle	1	1
4660	anne	1	1
4661	announcements	1	1
4662	annoying	1	1
4663	annually	1	1
4664	anticipated	1	1
4665	anticipating	1	1
4666	antioxidants	1	1
4667	anxiet	1	1
4668	anxious	1	1
4669	anyway	1	1
4670	apartments	1	1
4671	apologize	1	1
4672	apologized	1	1
4673	apology	1	1
4674	appeals	1	1
4675	appearances	1	1
4676	applicability	1	1
4677	appointed	1	1
4678	appointment	1	1
4679	appointments	1	1
4680	appreciated	1	1
4681	approaching	1	1
4682	approve	1	1
4683	apps	1	1
4684	architects	1	1
4685	architectural	1	1
4686	architecture	1	1
4687	are'not	1	1
4688	arguing	1	1
4689	arican	1	1
4690	arid	1	1
4691	arnout	1	1
4692	aroused	1	1
4693	arousing	1	1
4694	arrange	1	1
4695	arrangements	1	1
4696	arranging	1	1
4697	arrived	1	1
4698	artifacts	1	1
4699	artist	1	1
4700	artistic	1	1
4701	artists	1	1
4702	ashamed	1	1
4703	aside	1	1
4704	asif	1	1
4705	assertion	1	1
4706	assessed	1	1
4707	assessing	1	1
4708	assessment	1	1
4709	assets	1	1
4710	assign	1	1
4711	assisted	1	1
4712	associates	1	1
4713	associative	1	1
4714	assumptions	1	1
4715	assure	1	1
4716	astronaut	1	1
4717	astronauts	1	1
4718	ater	1	1
4719	athletes	1	1
4720	atlanta	1	1
4721	attacked	1	1
4722	attain	1	1
4723	attempts	1	1
4724	attentive	1	1
4725	attentively	1	1
4726	attracted	1	1
4727	attracting	1	1
4728	attractions	1	1
4729	attracts	1	1
4730	attributions	1	1
4731	audrey	1	1
4732	auhor	1	1
4733	auspicious	1	1
4734	austin	1	1
4735	australian	1	1
4736	automate	1	1
4737	automation	1	1
4738	automobiles	1	1
4739	autumn	1	1
4740	avenue	1	1
4741	avoidance	1	1
4742	avon	1	1
4743	avor	1	1
4744	awaken	1	1
4745	award	1	1
4746	awarders	1	1
4747	awarding	1	1
4748	awards	1	1
4749	awe	1	1
4750	awed	1	1
4751	awkward	1	1
4752	ayelet	1	1
4753	bach	1	1
4754	bachelor	1	1
4755	backroom	1	1
4756	bacteria	1	1
4757	badge	1	1
4758	badminton	1	1
4759	badoiiing	1	1
4760	bag	1	1
4761	bags	1	1
4762	bakers	1	1
4763	ballooned	1	1
4764	baltimore	1	1
4765	band	1	1
4766	banded	1	1
4767	bang	1	1
4768	bankruptcy	1	1
4769	baptized	1	1
4770	baptizing	1	1
4771	barbara	1	1
4772	barbeque	1	1
4773	barclays	1	1
4774	bargaining	1	1
4775	baron	1	1
4776	baroness	1	1
4777	barrier	1	1
4778	bat	1	1
4779	batteries	1	1
4780	battery	1	1
4781	battle	1	1
4782	battleground	1	1
4783	beaches	1	1
4784	bean	1	1
4785	bearing	1	1
4786	bed	1	1
4787	beds	1	1
4788	beg	1	1
4789	begins	1	1
4790	behaving	1	1
4791	behavioral	1	1
4792	behavioural	1	1
4793	behaviours	1	1
4794	belgian	1	1
4795	belgium	1	1
4796	believable	1	1
4797	believer	1	1
4798	beloved	1	1
4799	belt	1	1
4800	ben	1	1
4801	benches	1	1
4802	benefited	1	1
4803	beneits	1	1
4804	bennett	1	1
4805	beorehand	1	1
4806	bernie	1	1
4807	bestseller	1	1
4808	betrayed	1	1
4809	beverage	1	1
4810	biased	1	1
4811	bicycles	1	1
4812	billions	1	1
4813	biographical	1	1
4814	birthdays	1	1
4815	biscuits	1	1
4816	bite	1	1
4817	bites	1	1
4818	bits	1	1
4819	bitten	1	1
4820	blackboard	1	1
4821	blamed	1	1
4822	blankly	1	1
4823	blasters	1	1
4824	blend	1	1
4825	blending	1	1
4826	blessed	1	1
4827	blessing	1	1
4828	blocks	1	1
4829	blogs	1	1
4830	blossomed	1	1
4831	blowback	1	1
4832	blueprints	1	1
4833	blurry	1	1
4834	boardroom	1	1
4835	boast	1	1
4836	boasted	1	1
4837	boat	1	1
4838	bond	1	1
4839	bonding	1	1
4840	bonds	1	1
4841	bonnie	1	1
4842	bonus	1	1
4843	bonuses	1	1
4844	bookings	1	1
4845	bookish	1	1
4846	boom	1	1
4847	booming	1	1
4848	bordering	1	1
4849	bore	1	1
4850	borough	1	1
4851	boston	1	1
4852	bothering	1	1
4853	bottlers	1	1
4854	bottling	1	1
4855	box	1	1
4856	boy	1	1
4857	boyfriend	1	1
4858	brainpower	1	1
4859	branch	1	1
4860	branches	1	1
4861	branding	1	1
4862	braving	1	1
4863	brazil	1	1
4864	breaking	1	1
4865	breaks	1	1
4866	brealdast	1	1
4867	breeding	1	1
4868	brew	1	1
4869	brick	1	1
4870	brigette	1	1
4871	brighten	1	1
4872	brightens	1	1
4873	brilliantly	1	1
4874	broad	1	1
4875	broadcast	1	1
4876	broaden	1	1
4877	broke	1	1
4878	broker	1	1
4879	brotherhood	1	1
4880	brothers	1	1
4881	brown	1	1
4882	bubble	1	1
4883	bubbly	1	1
4884	buck	1	1
4885	budgeted	1	1
4886	bulk	1	1
4887	bumping	1	1
4888	bunch	1	1
4889	bundle	1	1
4890	bunting	1	1
4891	burdening	1	1
4892	burdensome	1	1
4893	bureaucracies	1	1
4894	burgers	1	1
4895	burned	1	1
4896	burns	1	1
4897	burnt	1	1
4898	buropean	1	1
4899	bushfire	1	1
4900	bushfires	1	1
4901	businessman	1	1
4902	businessmen	1	1
4903	businesspeople	1	1
4904	businesswoman	1	1
4905	butter	1	1
4906	buys	1	1
4907	caf	1	1
4908	cafe	1	1
4909	cages	1	1
4910	calculate	1	1
4911	calculators	1	1
4912	calling	1	1
4913	calming	1	1
4914	calmness	1	1
4915	cambridge	1	1
4916	camden	1	1
4917	camera	1	1
4918	camp	1	1
4919	campaign	1	1
4920	campers	1	1
4921	camping	1	1
4922	camps	1	1
4923	campsites	1	1
4924	canadian	1	1
4925	canal	1	1
4926	cancel	1	1
4927	cancelling	1	1
4928	candy	1	1
4929	capacities	1	1
4930	capital	1	1
4931	capitalism	1	1
4932	captain	1	1
4933	capturing	1	1
4934	carbs	1	1
4935	cards	1	1
4936	cared	1	1
4937	caregivers	1	1
4938	carla	1	1
4939	carp	1	1
4940	carriages	1	1
4941	carrying	1	1
4942	cartoon	1	1
4943	casuals	1	1
4944	catalog	1	1
4945	catchings	1	1
4946	categories	1	1
4947	category	1	1
4948	catering	1	1
4949	catherine	1	1
4950	catholic	1	1
4951	cattle	1	1
4952	cautiously	1	1
4953	caves	1	1
4954	cca	1	1
4955	ccit	1	1
4956	ccthe	1	1
4957	cease	1	1
4958	ceiling	1	1
4959	ceilings	1	1
4960	celebrate	1	1
4961	celebrated	1	1
4962	celebrating	1	1
4963	celebrations	1	1
4964	cells	1	1
4965	cent	1	1
4966	ceos	1	1
4967	certificate	1	1
4968	certification	1	1
4969	cess	1	1
4970	chain	1	1
4971	chalk	1	1
4972	challenged	1	1
4973	championships	1	1
4974	channel	1	1
4975	channelling	1	1
4976	chapters	1	1
4977	characteristics	1	1
4978	characterize	1	1
4979	characterizes	1	1
4980	charitable	1	1
4981	charmed	1	1
4982	charter	1	1
4983	chased	1	1
4984	chasing	1	1
4985	chau	1	1
4986	checklist	1	1
4987	checks	1	1
4988	checkup	1	1
4989	checkups	1	1
4990	cheer	1	1
4991	cheerful	1	1
4992	chef	1	1
4993	chemically	1	1
4994	chemistr	1	1
4995	chest	1	1
4996	chew	1	1
4997	chicago	1	1
4998	childbirth	1	1
4999	childish	1	1
5000	chips	1	1
5001	chooses	1	1
5002	chorus	1	1
5003	christmas	1	1
5004	chronologically	1	1
5005	cindy	1	1
5006	circle	1	1
5007	cite	1	1
5008	cites	1	1
5009	civilian	1	1
5010	civilized	1	1
5011	claps	1	1
5012	clarify	1	1
5013	clarity	1	1
5014	clark	1	1
5015	classics	1	1
5016	classified	1	1
5017	classifying	1	1
5018	classiication	1	1
5019	classiied	1	1
5020	classrooms	1	1
5021	claudio	1	1
5022	clauses	1	1
5023	cleaned	1	1
5024	cleaners	1	1
5025	cleaning	1	1
5026	cleanup	1	1
5027	clearer	1	1
5028	clearing	1	1
5029	clerk	1	1
5030	cleverness	1	1
5031	clich	1	1
5032	click	1	1
5033	clicking	1	1
5034	climb	1	1
5035	closures	1	1
5036	cloth	1	1
5037	clouds	1	1
5038	coast	1	1
5039	coastal	1	1
5040	coastline	1	1
5041	coconuts	1	1
5042	coding	1	1
5043	coffey	1	1
5044	cognition	1	1
5045	cognitively	1	1
5046	cohesion	1	1
5047	cohesive	1	1
5048	coin	1	1
5049	coldest	1	1
5050	collaborated	1	1
5051	collaborative	1	1
5052	collapse	1	1
5053	collapsed	1	1
5054	collections	1	1
5055	collisions	1	1
5056	colored	1	1
5057	colorful	1	1
5058	colours	1	1
5059	columbia	1	1
5060	columbus	1	1
5061	combating	1	1
5062	combine	1	1
5063	comfortably	1	1
5064	comforts	1	1
5065	comment	1	1
5066	commissioned	1	1
5067	committee	1	1
5068	commonplace	1	1
5069	communicating	1	1
5070	commute	1	1
5071	commuted	1	1
5072	commuting	1	1
5073	comp	1	1
5074	compact	1	1
5075	companions	1	1
5076	comparatively	1	1
5077	compares	1	1
5078	comparing	1	1
5079	compassion	1	1
5080	compelled	1	1
5081	compelling	1	1
5082	compels	1	1
5083	compensate	1	1
5084	competence	1	1
5085	competent	1	1
5086	competing	1	1
5087	competitiveness	1	1
5088	competitor	1	1
5089	complaining	1	1
5090	complaint	1	1
5091	compliance	1	1
5092	complication	1	1
5093	components	1	1
5094	composing	1	1
5095	composition	1	1
5096	compositions	1	1
5097	compounds	1	1
5098	comprehend	1	1
5099	comprehending	1	1
5100	comprehensive	1	1
5101	comprising	1	1
5102	compulsive	1	1
5103	concening	1	1
5104	concentrating	1	1
5105	concentration	1	1
5106	concentrations	1	1
5107	conceptually	1	1
5108	concert	1	1
5109	conclusively	1	1
5110	concord	1	1
5111	condemned	1	1
5112	conditioning	1	1
5113	confess	1	1
5114	confesses	1	1
5115	confines	1	1
5116	confirm	1	1
5117	conflicting	1	1
5118	confront	1	1
5119	confronted	1	1
5120	connectedness	1	1
5121	connectivity	1	1
5122	conran	1	1
5123	conscience	1	1
5124	consciously	1	1
5125	consequence	1	1
5126	constrained	1	1
5127	constructive	1	1
5128	consult	1	1
5129	contain	1	1
5130	container	1	1
5131	contemporary	1	1
5132	contented	1	1
5133	contentment	1	1
5134	contestants	1	1
5135	contexts	1	1
5136	continent	1	1
5137	continual	1	1
5138	contnbute	1	1
5139	contradicts	1	1
5140	contributions	1	1
5141	controlling	1	1
5142	controls	1	1
5143	convemence	1	1
5144	conversational	1	1
5145	conversationalist	1	1
5146	convert	1	1
5147	converters	1	1
5148	converting	1	1
5149	cook	1	1
5150	cookies	1	1
5151	cooks	1	1
5152	cooperated	1	1
5153	cooperates	1	1
5154	cooperative	1	1
5155	coordinate	1	1
5156	coordinates	1	1
5157	copies	1	1
5158	cornell	1	1
5159	corporation	1	1
5160	correcting	1	1
5161	cortana	1	1
5162	costume	1	1
5163	coughing	1	1
5164	counsel	1	1
5165	counseling	1	1
5166	counselling	1	1
5167	counselors	1	1
5168	counterproductive	1	1
5169	counting	1	1
5170	countless	1	1
5171	couples	1	1
5172	courage	1	1
5173	courageous	1	1
5174	covering	1	1
5175	cow	1	1
5176	coworker	1	1
5177	cracked	1	1
5178	crakes	1	1
5179	crane	1	1
5180	craziness	1	1
5181	crazy	1	1
5182	creatively	1	1
5183	creators	1	1
5184	creature	1	1
5185	creeps	1	1
5186	crippling	1	1
5187	crispr	1	1
5188	criticizing	1	1
5189	critics	1	1
5190	crocodiles	1	1
5191	crop	1	1
5192	crossover	1	1
5193	crowd	1	1
5194	crowding	1	1
5195	cruise	1	1
5196	cthey	1	1
5197	ctthere	1	1
5198	culled	1	1
5199	culling	1	1
5200	cultivation	1	1
5201	cup	1	1
5202	cups	1	1
5203	curbside	1	1
5204	curing	1	1
5205	curiosit	1	1
5206	curriculums	1	1
5207	curse	1	1
5208	cursed	1	1
5209	custom	1	1
5210	customary	1	1
5211	customs	1	1
5212	cuts	1	1
5213	cyber	1	1
5214	cycles	1	1
5215	d'ivoire	1	1
5216	daddy	1	1
5217	dagbani	1	1
5218	dakota	1	1
5219	dam	1	1
5220	damp	1	1
5221	dampens	1	1
5222	daring	1	1
5223	darker	1	1
5224	dating	1	1
5225	deaf	1	1
5226	dealings	1	1
5227	dearest	1	1
5228	decay	1	1
5229	decisive	1	1
5230	deck	1	1
5231	declare	1	1
5232	declines	1	1
5233	decorate	1	1
5234	decorated	1	1
5235	dedicate	1	1
5236	deed	1	1
5237	deemed	1	1
5238	deepen	1	1
5239	defeat	1	1
5240	defeating	1	1
5241	defects	1	1
5242	defend	1	1
5243	defense	1	1
5244	defines	1	1
5245	defrauded	1	1
5246	defy	1	1
5247	deinitely	1	1
5248	delays	1	1
5249	deliberations	1	1
5250	delicious	1	1
5251	delighted	1	1
5252	delive	1	1
5253	delivers	1	1
5254	dementia	1	1
5255	demonstrates	1	1
5256	demonstration	1	1
5257	dental	1	1
5258	denying	1	1
5259	depart	1	1
5260	departments	1	1
5261	departure	1	1
5262	depended	1	1
5263	deposited	1	1
5264	depressive	1	1
5265	deprioritize	1	1
5266	deprivation	1	1
5267	deprive	1	1
5268	deputies	1	1
5269	derek	1	1
5270	derive	1	1
5271	describes	1	1
5272	designs	1	1
5273	desirability	1	1
5274	detailed	1	1
5275	detailing	1	1
5276	dete	1	1
5277	detective	1	1
5278	deteriorate	1	1
5279	deteriorates	1	1
5280	developmental	1	1
5281	deviation	1	1
5282	devise	1	1
5283	devoted	1	1
5284	diagnoses	1	1
5285	didn	1	1
5286	die	1	1
5287	diferences	1	1
5288	differed	1	1
5289	differing	1	1
5290	digested	1	1
5291	dignity	1	1
5292	diligence	1	1
5293	dim	1	1
5294	dimensions	1	1
5295	dine	1	1
5296	diner	1	1
5297	diners	1	1
5298	ding	1	1
5299	diploma	1	1
5300	dipping	1	1
5301	directions	1	1
5302	disabilities	1	1
5303	disabled	1	1
5304	disagree	1	1
5305	disagreement	1	1
5306	disagrees	1	1
5307	disappearance	1	1
5308	disappearing	1	1
5309	disappears	1	1
5310	disappoint	1	1
5311	disappointing	1	1
5312	disappointments	1	1
5313	disciplined	1	1
5314	disclosing	1	1
5315	disconnect	1	1
5316	disconnected	1	1
5317	disconnecting	1	1
5318	discounts	1	1
5319	discourages	1	1
5320	discourse	1	1
5321	discriminate	1	1
5322	discriminated	1	1
5323	discriminating	1	1
5324	discussed	1	1
5325	disempowering	1	1
5326	disengagement	1	1
5327	disgust	1	1
5328	disgusted	1	1
5329	dishonest	1	1
5330	dislikes	1	1
5331	dismissive	1	1
5332	disorganized	1	1
5333	displayed	1	1
5334	displaying	1	1
5335	disqualified	1	1
5336	disrespectful	1	1
5337	disrupted	1	1
5338	disruptions	1	1
5339	dissatisfaction	1	1
5340	disservice	1	1
5341	distinction	1	1
5342	distinctive	1	1
5343	distinguishes	1	1
5344	distinguishing	1	1
5345	distorts	1	1
5346	distracted	1	1
5347	distributing	1	1
5348	distrust	1	1
5349	ditch	1	1
5350	ditto	1	1
5351	diversifying	1	1
5352	diving	1	1
5353	dollar	1	1
5354	dolls	1	1
5355	domains	1	1
5356	domesticate	1	1
5357	dominant	1	1
5358	domino	1	1
5359	donald	1	1
5360	donate	1	1
5361	dotted	1	1
5362	doubts	1	1
5363	dove	1	1
5364	downfalls	1	1
5365	download	1	1
5366	downside	1	1
5367	downturn	1	1
5368	downward	1	1
5369	dozens	1	1
5370	drama	1	1
5371	drawing	1	1
5372	dreamed	1	1
5373	dreamers	1	1
5374	dresses	1	1
5375	dressing	1	1
5376	dropping	1	1
5377	drown	1	1
5378	drucker	1	1
5379	drum	1	1
5380	drums	1	1
5381	dujiangyan	1	1
5382	dukinfield	1	1
5383	dulls	1	1
5384	duly	1	1
5385	dune	1	1
5386	duration	1	1
5387	dusk	1	1
5388	dust	1	1
5389	duty	1	1
5390	dynamics	1	1
5391	eagerly	1	1
5392	eagles	1	1
5393	ear	1	1
5394	earl	1	1
5395	earnings	1	1
5396	earthquake	1	1
5397	earthquakes	1	1
5398	easible	1	1
5399	easiest	1	1
5400	easing	1	1
5401	eaters	1	1
5402	eats	1	1
5403	echo	1	1
5404	echoed	1	1
5405	ecology	1	1
5406	ecosystems	1	1
5407	eden	1	1
5408	effectiveness	1	1
5409	effortlessly	1	1
5410	egyptians	1	1
5411	ehension	1	1
5412	elderly	1	1
5413	electricity	1	1
5414	electron	1	1
5415	electronics	1	1
5416	elevate	1	1
5417	elevated	1	1
5418	elevates	1	1
5419	elevators	1	1
5420	eliminates	1	1
5421	eliminating	1	1
5422	elimination	1	1
5423	elite	1	1
5424	elizabeth	1	1
5425	emailed	1	1
5426	emailing	1	1
5427	embarrassing	1	1
5428	embarrassment	1	1
5429	embodied	1	1
5430	embracing	1	1
5431	emerged	1	1
5432	emirates	1	1
5433	emission	1	1
5434	emotion	1	1
5435	emphasise	1	1
5436	employ	1	1
5437	employed	1	1
5438	emptiness	1	1
5439	enabled	1	1
5440	enabler	1	1
5441	encounter	1	1
5442	encourages	1	1
5443	endangering	1	1
5444	endeavor	1	1
5445	endeavours	1	1
5446	endurance	1	1
5447	enduring	1	1
5448	engagements	1	1
5449	engages	1	1
5450	engines	1	1
5451	enhances	1	1
5452	enlarge	1	1
5453	eno	1	1
5454	enriched	1	1
5455	enrol	1	1
5456	enroll	1	1
5457	enters	1	1
5458	entertain	1	1
5459	entertaining	1	1
5460	enthusiasm	1	1
5461	enthusiast	1	1
5462	entrepreneurial	1	1
5463	entrepreneurship	1	1
5464	entries	1	1
5465	envied	1	1
5466	envy	1	1
5467	enzyme	1	1
5468	equitable	1	1
5469	eras	1	1
5470	erase	1	1
5471	erases	1	1
5472	ers	1	1
5473	escape	1	1
5474	escapes	1	1
5475	essentialism	1	1
5476	est	1	1
5477	establishing	1	1
5478	ethic	1	1
5479	ethically	1	1
5480	ethnic	1	1
5481	ethos	1	1
5482	europe	1	1
5483	evaluation	1	1
5484	everybody	1	1
5485	evicted	1	1
5486	evidenced	1	1
5487	exam	1	1
5488	examination	1	1
5489	exceed	1	1
5490	exceeds	1	1
5491	exception	1	1
5492	exceptional	1	1
5493	exchange	1	1
5494	excitement	1	1
5495	exclusively	1	1
5496	excuse	1	1
5497	execute	1	1
5498	executing	1	1
5499	exemplify	1	1
5500	exerting	1	1
5501	existential	1	1
5502	expanded	1	1
5503	expanding	1	1
5504	expands	1	1
5505	expansion	1	1
5506	expectancy	1	1
5507	expecting	1	1
5508	expects	1	1
5509	expendable	1	1
5510	experiencing	1	1
5511	experimentally	1	1
5512	experimentation	1	1
5513	experimenter	1	1
5514	expertise	1	1
5515	explicit	1	1
5516	exploded	1	1
5517	exploit	1	1
5518	explorers	1	1
5519	explosions	1	1
5520	exposes	1	1
5521	exposing	1	1
5522	expression	1	1
5523	expressions	1	1
5524	expropriation	1	1
5525	extending	1	1
5526	extends	1	1
5527	extinguish	1	1
5528	extracted	1	1
5529	extracting	1	1
5530	extraordinarily	1	1
5531	extraordinary	1	1
5532	eyesight	1	1
5533	facial	1	1
5534	facilitating	1	1
5535	faded	1	1
5536	fahrenheit	1	1
5537	failing	1	1
5538	failur	1	1
5539	faith	1	1
5540	falls	1	1
5541	fare	1	1
5542	farmer	1	1
5543	farrant	1	1
5544	fascinating	1	1
5545	fascination	1	1
5546	fashionable	1	1
5547	fatigued	1	1
5548	fattening	1	1
5549	fatter	1	1
5550	fatty	1	1
5551	favorably	1	1
5552	favors	1	1
5553	favourite	1	1
5554	featured	1	1
5555	features	1	1
5556	featuring	1	1
5557	federally	1	1
5558	federation	1	1
5559	federici	1	1
5560	feeding	1	1
5561	fencing	1	1
5562	ferrari	1	1
5563	ferris	1	1
5564	fertiliser	1	1
5565	fetch	1	1
5566	fiber	1	1
5567	fif	1	1
5568	fifteen	1	1
5569	fifth	1	1
5570	figures	1	1
5571	filed	1	1
5572	filmmakers	1	1
5573	filter	1	1
5574	final	1	1
5575	finances	1	1
5576	finchley	1	1
5577	finder	1	1
5578	fined	1	1
5579	fingertips	1	1
5580	finished	1	1
5581	firefighters	1	1
5582	fireworks	1	1
5583	firing	1	1
5584	firmly	1	1
5585	firms	1	1
5586	fishbach	1	1
5587	fixation	1	1
5588	fixes	1	1
5589	fixture	1	1
5590	flames	1	1
5591	flashing	1	1
5592	flavorists	1	1
5593	flavorless	1	1
5594	flavour	1	1
5595	flavoured	1	1
5596	flavouring	1	1
5597	flavours	1	1
5598	fled	1	1
5599	flee	1	1
5600	flew	1	1
5601	flies	1	1
5602	flight	1	1
5603	float	1	1
5604	flocks	1	1
5605	floods	1	1
5606	floor	1	1
5607	flourish	1	1
5608	flow	1	1
5609	flower	1	1
5610	flu	1	1
5611	fluctuate	1	1
5612	fluctuating	1	1
5613	fluent	1	1
5614	fluidly	1	1
5615	fly	1	1
5616	folder	1	1
5617	followed	1	1
5618	foodstuffs	1	1
5619	forbid	1	1
5620	forbidden	1	1
5621	forecast	1	1
5622	forefathers	1	1
5623	forerunner	1	1
5624	foreseeing	1	1
5625	foresight	1	1
5626	forests	1	1
5627	foretelling	1	1
5628	forever	1	1
5629	forged	1	1
5630	forgetfulness	1	1
5631	forging	1	1
5632	forgive	1	1
5633	forks	1	1
5634	format	1	1
5635	formation	1	1
5636	formats	1	1
5637	formed	1	1
5638	formulating	1	1
5639	forth	1	1
5640	fortunate	1	1
5641	fostering	1	1
5642	foundabout	1	1
5643	fra	1	1
5644	fragmented	1	1
5645	fragmenting	1	1
5646	frames	1	1
5647	frameworks	1	1
5648	francesca	1	1
5649	frankfurt	1	1
5650	fraudster	1	1
5651	freela	1	1
5652	freelancers	1	1
5653	freelancing	1	1
5654	frees	1	1
5655	freezing	1	1
5656	french	1	1
5657	frequencies	1	1
5658	frequented	1	1
5659	fresh	1	1
5660	fresher	1	1
5661	freshness	1	1
5662	fridge	1	1
5663	frien	1	1
5664	friendship	1	1
5665	friendships	1	1
5666	frontier	1	1
5667	fronts	1	1
5668	fruitful	1	1
5669	fruition	1	1
5670	fuels	1	1
5671	fulfilling	1	1
5672	fundamentally	1	1
5673	funders	1	1
5674	funny	1	1
5675	fuss	1	1
5676	gadgets	1	1
5677	gallery	1	1
5678	gameplay	1	1
5679	gamer	1	1
5680	garages	1	1
5681	garden	1	1
5682	garment	1	1
5683	gas	1	1
5684	gases	1	1
5685	gateway	1	1
5686	gatherings	1	1
5687	gear	1	1
5688	geared	1	1
5689	generate	1	1
5690	generates	1	1
5691	generating	1	1
5692	generational	1	1
5693	georgetown	1	1
5694	german	1	1
5695	gettmg	1	1
5696	ght	1	1
5697	giant	1	1
5698	gifted	1	1
5699	gigantic	1	1
5700	gilbert	1	1
5701	giles	1	1
5702	gino	1	1
5703	girls	1	1
5704	giveaway	1	1
5705	glad	1	1
5706	glancing	1	1
5707	glass	1	1
5708	glassdoor	1	1
5709	glasses	1	1
5710	globally	1	1
5711	globe	1	1
5712	gloomy	1	1
5713	glory	1	1
5714	goldmine	1	1
5715	goodness	1	1
5716	google	1	1
5717	googling	1	1
5718	gossip	1	1
5719	goto	1	1
5720	gps	1	1
5721	grace	1	1
5722	gracious	1	1
5723	graded	1	1
5724	gradual	1	1
5725	graduated	1	1
5726	graduates	1	1
5727	graduating	1	1
5728	grammar	1	1
5729	grammatical	1	1
5730	grams	1	1
5731	grandfather	1	1
5732	grandmother	1	1
5733	grandson	1	1
5734	granted	1	1
5735	graphically	1	1
5736	grasp	1	1
5737	grasped	1	1
5738	grasping	1	1
5739	grass	1	1
5740	gray	1	1
5741	greatness	1	1
5742	greenpeace	1	1
5743	greeting	1	1
5744	greetings	1	1
5745	greg	1	1
5746	ground	1	1
5747	grounded	1	1
5748	growers	1	1
5749	guabuligah	1	1
5750	guardian	1	1
5751	guesses	1	1
5752	guest	1	1
5753	guiding	1	1
5754	guitar	1	1
5755	guys	1	1
5756	hackers	1	1
5757	hailed	1	1
5758	hajji	1	1
5759	hal	1	1
5760	halfway	1	1
5761	hall	1	1
5762	halloween	1	1
5763	halls	1	1
5764	halt	1	1
5765	hamnet	1	1
5766	handbook	1	1
5767	handfuls	1	1
5768	handwriting	1	1
5769	hannah	1	1
5770	harbor	1	1
5771	hardens	1	1
5772	hardware	1	1
5773	harford	1	1
5774	harley	1	1
5775	harmless	1	1
5776	harmonies	1	1
5777	harmonious	1	1
5778	harmonise	1	1
5779	harrington	1	1
5780	harshness	1	1
5781	hastily	1	1
5782	hat	1	1
5783	hates	1	1
5784	hathaway	1	1
5785	haul	1	1
5786	haunt	1	1
5787	haunting	1	1
5788	haven	1	1
5789	hazard	1	1
5790	hazardous	1	1
5791	hazards	1	1
5792	hazier	1	1
5793	headaches	1	1
5794	headfirst	1	1
5795	heading	1	1
5796	headteacher	1	1
5797	healthiest	1	1
5798	hearing	1	1
5799	heartbreaking	1	1
5800	hearted	1	1
5801	heatedly	1	1
5802	heather	1	1
5803	heavier	1	1
5804	heel	1	1
5805	heels	1	1
5806	helicopter	1	1
5807	helpless	1	1
5808	henry	1	1
5809	hens	1	1
5810	heroically	1	1
5811	hey	1	1
5812	hide	1	1
5813	highlands	1	1
5814	highway	1	1
5815	hill	1	1
5816	hindered	1	1
5817	hindrance	1	1
5818	hinting	1	1
5819	historian	1	1
5820	historic	1	1
5821	holding	1	1
5822	hole	1	1
5823	hollywood	1	1
5824	hological	1	1
5825	homemade	1	1
5826	homogeneity	1	1
5827	honorable	1	1
5828	honorably	1	1
5829	honorary	1	1
5830	honoring	1	1
5831	honoured	1	1
5832	hooked	1	1
5833	hoped	1	1
5834	hopeful	1	1
5835	hopefully	1	1
5836	hopelessness	1	1
5837	hopkins	1	1
5838	horizons	1	1
5839	horrifying	1	1
5840	horror	1	1
5841	horticulture	1	1
5842	hostess	1	1
5843	hostile	1	1
5844	houston	1	1
5845	huffington	1	1
5846	hugging	1	1
5847	humorous	1	1
5848	hunch	1	1
5849	hung	1	1
5850	husband	1	1
5851	hybrid	1	1
5852	hypnoidal	1	1
5853	hypothetical	1	1
5854	iceland	1	1
5855	iction	1	1
5856	identical	1	1
5857	identifiable	1	1
5858	identification	1	1
5859	identities	1	1
5860	idiom	1	1
5861	iditarod	1	1
5862	ields	1	1
5863	ignorance	1	1
5864	ignorant	1	1
5865	ignores	1	1
5866	ila	1	1
5867	ilcely	1	1
5868	ilil	1	1
5869	ility	1	1
5870	ill	1	1
5871	illed	1	1
5872	illegal	1	1
5873	illiterate	1	1
5874	illness	1	1
5875	illustration	1	1
5876	imagined	1	1
5877	imagining	1	1
5878	imitated	1	1
5879	imitations	1	1
5880	immune	1	1
5881	immunity	1	1
5882	impacting	1	1
5883	impersonal	1	1
5884	implied	1	1
5885	impolite	1	1
5886	impose	1	1
5887	impromptu	1	1
5888	improves	1	1
5889	impulse	1	1
5890	inability	1	1
5891	inaction	1	1
5892	inactive	1	1
5893	inadequate	1	1
5894	incapable	1	1
5895	incentivize	1	1
5896	inches	1	1
5897	inclusive	1	1
5898	inconsistent	1	1
5899	inconvenience	1	1
5900	inconvenient	1	1
5901	ind	1	1
5902	inda	1	1
5903	indefinite	1	1
5904	independence	1	1
5905	india	1	1
5906	indication	1	1
5907	indicators	1	1
5908	indiference	1	1
5909	indings	1	1
5910	indirect	1	1
5911	indispensable	1	1
5912	individuality	1	1
5913	indo	1	1
5914	indoors	1	1
5915	induce	1	1
5916	industrialized	1	1
5917	industriousness	1	1
5918	inefficiencies	1	1
5919	inefficient	1	1
5920	inefficiently	1	1
5921	infected	1	1
5922	infection	1	1
5923	influencers	1	1
5924	influences	1	1
5925	infom	1	1
5926	inform	1	1
5927	informally	1	1
5928	informative	1	1
5929	infrequent	1	1
5930	inherent	1	1
5931	inherit	1	1
5932	inherited	1	1
5933	initially	1	1
5934	injuries	1	1
5935	inluence	1	1
5936	innermost	1	1
5937	innocent	1	1
5938	innovatio	1	1
5939	inquired	1	1
5940	inseparable	1	1
5941	insight	1	1
5942	insightful	1	1
5943	insignificant	1	1
5944	insists	1	1
5945	inspection	1	1
5946	inspiring	1	1
5947	installment	1	1
5948	instinctual	1	1
5949	instrumental	1	1
5950	instruments	1	1
5951	integrate	1	1
5952	intellectually	1	1
5953	intends	1	1
5954	intense	1	1
5955	intensive	1	1
5956	intent	1	1
5957	intentional	1	1
5958	intentionally	1	1
5959	interactive	1	1
5960	interacts	1	1
5961	interdisciplinary	1	1
5962	interestingly	1	1
5963	interface	1	1
5964	interfered	1	1
5965	internal	1	1
5966	interpretation	1	1
5967	interpreter	1	1
5968	intervening	1	1
5969	interviewed	1	1
5970	interviewee	1	1
5971	interviewing	1	1
5972	intimate	1	1
5973	intplication	1	1
5974	intrinsic	1	1
5975	intrinsically	1	1
5976	introduces	1	1
5977	intrusion	1	1
5978	intrusive	1	1
5979	intuition	1	1
5980	intuitive	1	1
5981	invades	1	1
5982	invalid	1	1
5983	invaluable	1	1
5984	invariably	1	1
5985	invent	1	1
5986	inventive	1	1
5987	investigated	1	1
5988	investigator	1	1
5989	investing	1	1
5990	investment	1	1
5991	investments	1	1
5992	investor	1	1
5993	invisible	1	1
5994	invitation	1	1
5995	invite	1	1
5996	invites	1	1
5997	invivo	1	1
5998	involve	1	1
5999	inward	1	1
6000	ipad	1	1
6001	iphones	1	1
6002	ironically	1	1
6003	irrational	1	1
6004	irregular	1	1
6005	irrelevant	1	1
6006	irresistible	1	1
6007	irrigate	1	1
6008	irrigation	1	1
6009	islands	1	1
6010	isolate	1	1
6011	issuing	1	1
6012	ital	1	1
6013	ive	1	1
6014	ixed	1	1
6015	j'a	1	1
6016	jacket	1	1
6017	jan	1	1
6018	janette	1	1
6019	janiero	1	1
6020	japan	1	1
6021	jasper	1	1
6022	jazz	1	1
6023	jeremy	1	1
6024	jess	1	1
6025	jessica	1	1
6026	jiaozi	1	1
6027	jjj	1	1
6028	jodie	1	1
6029	jogging	1	1
6030	johnny	1	1
6031	johns	1	1
6032	joint	1	1
6033	jonson	1	1
6034	jpmorgan	1	1
6035	judge	1	1
6036	judged	1	1
6037	judgement	1	1
6038	judgements	1	1
6039	judith	1	1
6040	juicing	1	1
6041	jumped	1	1
6042	jumps	1	1
6043	jungle	1	1
6044	jury	1	1
6045	justin	1	1
6046	kaitlin	1	1
6047	kanold	1	1
6048	karlin	1	1
6049	katharine	1	1
6050	katherine	1	1
6051	kennedy	1	1
6052	kent	1	1
6053	keyboard	1	1
6054	keypad	1	1
6055	keywords	1	1
6056	kick	1	1
6057	kidney	1	1
6058	kill	1	1
6059	kilometer	1	1
6060	kin	1	1
6061	kindness	1	1
6062	kingdom	1	1
6063	kinvara	1	1
6064	kit	1	1
6065	knife	1	1
6066	knives	1	1
6067	knowledgeable	1	1
6068	kotaku	1	1
6069	laborers	1	1
6070	laborious	1	1
6071	lagged	1	1
6072	lagging	1	1
6073	lamp	1	1
6074	landlady	1	1
6075	landline	1	1
6076	las	1	1
6077	lasted	1	1
6078	latter	1	1
6079	launches	1	1
6080	lawrence	1	1
6081	lawsuits	1	1
6082	layers	1	1
6083	laying	1	1
6084	layoff	1	1
6085	leaming	1	1
6086	lear	1	1
6087	learners	1	1
6088	learns	1	1
6089	leather	1	1
6090	lectures	1	1
6091	legacy	1	1
6092	legendary	1	1
6093	legs	1	1
6094	lending	1	1
6095	length	1	1
6096	lengths	1	1
6097	lesson	1	1
6098	lest	1	1
6099	leveled	1	1
6100	liability	1	1
6101	liberal	1	1
6102	liberating	1	1
6103	library	1	1
6104	lid	1	1
6105	lies	1	1
6106	lif	1	1
6107	lift	1	1
6108	lifts	1	1
6109	lights	1	1
6110	likability	1	1
6111	limiting	1	1
6112	linear	1	1
6113	lined	1	1
6114	lines	1	1
6115	linguist	1	1
6116	lions	1	1
6117	lit	1	1
6118	literary	1	1
6119	literate	1	1
6120	litre	1	1
6121	littering	1	1
6122	livable	1	1
6123	llday	1	1
6124	llp	1	1
6125	loads	1	1
6126	lobbied	1	1
6127	locally	1	1
6128	located	1	1
6129	logging	1	1
6130	logistics	1	1
6131	loneliest	1	1
6132	longing	1	1
6133	longs	1	1
6134	loosen	1	1
6135	loosens	1	1
6136	loses	1	1
6137	lowering	1	1
6138	lowest	1	1
6139	loyal	1	1
6140	luckily	1	1
6141	lucky	1	1
6142	lung	1	1
6143	lunsford	1	1
6144	lupu	1	1
6145	lush	1	1
6146	luxurious	1	1
6147	lynda	1	1
6148	machine	1	1
6149	machinery	1	1
6150	mad	1	1
6151	magnetic	1	1
6152	magnificent	1	1
6153	magnitudes	1	1
6154	maici	1	1
6155	mailman	1	1
6156	maine	1	1
6157	maintains	1	1
6158	majorca	1	1
6159	majoring	1	1
6160	makeup	1	1
6161	malaysia	1	1
6162	malce	1	1
6163	malcer	1	1
6164	malcers	1	1
6165	malces	1	1
6166	malfunction	1	1
6167	mammal	1	1
6168	mammalian	1	1
6169	manageable	1	1
6170	managed	1	1
6171	managerial	1	1
6172	managing	1	1
6173	manchester	1	1
6174	manhattan	1	1
6175	manifest	1	1
6176	manipulate	1	1
6177	manipulates	1	1
6178	manly	1	1
6179	manufacture	1	1
6180	manufacturer	1	1
6181	map	1	1
6182	maps	1	1
6183	mar	1	1
6184	marathon	1	1
6185	margined	1	1
6186	margins	1	1
6187	marked	1	1
6188	marketable	1	1
6189	marketplace	1	1
6190	marks	1	1
6191	marriage	1	1
6192	marry	1	1
6193	martian	1	1
6194	martin	1	1
6195	marvelous	1	1
6196	marvels	1	1
6197	maryland	1	1
6198	massachusetts	1	1
6199	mastering	1	1
6200	mastery	1	1
6201	materialistically	1	1
6202	matthew	1	1
6203	mature	1	1
6204	maximizing	1	1
6205	mba	1	1
6206	mccain	1	1
6207	mckeown	1	1
6208	meaningfully	1	1
6209	meanings	1	1
6210	measurable	1	1
6211	measurement	1	1
6212	measurements	1	1
6213	mechanisms	1	1
6214	med	1	1
6215	medalist	1	1
6216	medalists	1	1
6217	medicaid	1	1
6218	medications	1	1
6219	melodies	1	1
6220	melt	1	1
6221	melts	1	1
6222	membership	1	1
6223	memories	1	1
6224	memos	1	1
6225	mend	1	1
6226	mends	1	1
6227	meng	1	1
6228	mentoring	1	1
6229	merchants	1	1
6230	merit	1	1
6231	mesopotamia	1	1
6232	mess	1	1
6233	messaging	1	1
6234	messiness	1	1
6235	meta	1	1
6236	metafilter	1	1
6237	metal	1	1
6238	metallic	1	1
6239	methodist	1	1
6240	mia	1	1
6241	michael	1	1
6242	microsoft	1	1
6243	midcareer	1	1
6244	mile	1	1
6245	milestone	1	1
6246	military	1	1
6247	millionaire	1	1
6248	mindful	1	1
6249	mined	1	1
6250	minerals	1	1
6251	mini	1	1
6252	minimise	1	1
6253	minimizing	1	1
6254	minimum	1	1
6255	minor	1	1
6256	minors	1	1
6257	miraculously	1	1
6258	mirror	1	1
6259	miserable	1	1
6260	misleads	1	1
6261	misses	1	1
6262	mission	1	1
6263	missions	1	1
6264	mistreating	1	1
6265	misunderstanding	1	1
6266	misused	1	1
6267	mit	1	1
6268	miu	1	1
6269	mobile	1	1
6270	mobiles	1	1
6271	mode	1	1
6272	moderation	1	1
6273	modernized	1	1
6274	modes	1	1
6275	mom	1	1
6276	momentary	1	1
6277	moments	1	1
6278	mommy	1	1
6279	monitored	1	1
6280	monitoring	1	1
6281	monsanto	1	1
6282	monument	1	1
6283	monza	1	1
6284	moods	1	1
6285	morale	1	1
6286	moreover	1	1
6287	motionless	1	1
6288	motivations	1	1
6289	motor	1	1
6290	motorbike	1	1
6291	motorcycle	1	1
6292	motorsport	1	1
6293	motorsports	1	1
6294	mountain	1	1
6295	mountains	1	1
6296	moves	1	1
6297	mud	1	1
6298	multibillion	1	1
6299	multidisciplinary	1	1
6300	multiplied	1	1
6301	multitask	1	1
6302	multitaskers	1	1
6303	multitude	1	1
6304	municipal	1	1
6305	murder	1	1
6306	mutual	1	1
6307	mythical	1	1
6308	nakedly	1	1
6309	namely	1	1
6310	names	1	1
6311	narrowly	1	1
6312	nasa	1	1
6313	nasty	1	1
6314	naturalness	1	1
6315	natured	1	1
6316	navigating	1	1
6317	nbc	1	1
6318	needy	1	1
6319	neglected	1	1
6320	neglecting	1	1
6321	negotiating	1	1
6322	neighbor	1	1
6323	neighborhood	1	1
6324	neighborhoods	1	1
6325	neighbors	1	1
6326	neighbour	1	1
6327	neil	1	1
6328	nelson	1	1
6329	nervous	1	1
6330	network	1	1
6331	networks	1	1
6332	neuroscience	1	1
6333	neuroscientists	1	1
6334	nevertheless	1	1
6335	newborns	1	1
6336	newer	1	1
6337	newton	1	1
6338	nhs	1	1
6339	nian	1	1
6340	nice	1	1
6341	nicer	1	1
6342	nick	1	1
6343	nicola	1	1
6344	nicole	1	1
6345	nineteen	1	1
6346	ninety	1	1
6347	noble	1	1
6348	nobles	1	1
6349	nobody	1	1
6350	nod	1	1
6351	noel	1	1
6352	nonconventional	1	1
6353	nonprofit	1	1
6354	nonsense	1	1
6355	noor	1	1
6356	normalized	1	1
6357	northward	1	1
6358	nostalgia	1	1
6359	nosy	1	1
6360	notified	1	1
6361	noting	1	1
6362	nouns	1	1
6363	nourishing	1	1
6364	nourishment	1	1
6365	nova	1	1
6366	novelty	1	1
6367	nowadays	1	1
6368	nuance	1	1
6369	numeric	1	1
6370	nutritionally	1	1
6371	nutritionist	1	1
6372	oatmeal	1	1
6373	oats	1	1
6374	obligations	1	1
6375	observational	1	1
6376	observations	1	1
6377	observe	1	1
6378	obtained	1	1
6379	occasion	1	1
6380	occasionally	1	1
6381	occurrence	1	1
6382	occurrences	1	1
6383	occurring	1	1
6384	oceans	1	1
6385	ocus	1	1
6386	odds	1	1
6387	ofend	1	1
6388	ofensive	1	1
6389	offences	1	1
6390	officer	1	1
6391	offset	1	1
6392	oily	1	1
6393	olympics	1	1
6394	ome	1	1
6395	onal	1	1
6396	opened	1	1
6397	openly	1	1
6398	opens	1	1
6399	operas	1	1
6400	operated	1	1
6401	operator	1	1
6402	opponent	1	1
6403	opponents	1	1
6404	opportun	1	1
6405	oppose	1	1
6406	opposition	1	1
6407	optimise	1	1
6408	optimization	1	1
6409	optimum	1	1
6410	orchestra	1	1
6411	orders	1	1
6412	org	1	1
6413	organ	1	1
6414	organisers	1	1
6415	organisms	1	1
6416	organize	1	1
6417	organizer	1	1
6418	organizing	1	1
6419	organs	1	1
6420	orientation	1	1
6421	origin	1	1
6422	originals	1	1
6423	ormond	1	1
6424	osteoporosis	1	1
6425	otherwise	1	1
6426	ouarzazate	1	1
6427	ounce	1	1
6428	ours	1	1
6429	outcompeting	1	1
6430	outdated	1	1
6431	outdo	1	1
6432	outlets	1	1
6433	outlined	1	1
6434	outnumber	1	1
6435	output	1	1
6436	outsider	1	1
6437	outten	1	1
6438	outweighs	1	1
6439	oven	1	1
6440	overactive	1	1
6441	overfished	1	1
6442	overlapping	1	1
6443	overload	1	1
6444	overlook	1	1
6445	overly	1	1
6446	overnight	1	1
6447	overpopulated	1	1
6448	oversaw	1	1
6449	oversight	1	1
6450	overspending	1	1
6451	overtime	1	1
6452	overwhelm	1	1
6453	overwhelming	1	1
6454	owes	1	1
6455	ownership	1	1
6456	oxygen	1	1
6457	ozone	1	1
6458	paced	1	1
6459	packet	1	1
6460	pages	1	1
6461	pains	1	1
6462	painstaking	1	1
6463	panel	1	1
6464	pants	1	1
6465	pany	1	1
6466	paperbacks	1	1
6467	para	1	1
6468	parade	1	1
6469	parades	1	1
6470	parasitic	1	1
6471	parked	1	1
6472	partially	1	1
6473	participated	1	1
6474	participating	1	1
6475	partn	1	1
6476	partnering	1	1
6477	partnership	1	1
6478	partnerships	1	1
6479	pas	1	1
6480	passerby	1	1
6481	passes	1	1
6482	passively	1	1
6483	passports	1	1
6484	patch	1	1
6485	paths	1	1
6486	patrick	1	1
6487	patronage	1	1
6488	patten	1	1
6489	pattern	1	1
6490	peacefully	1	1
6491	pearls	1	1
6492	pedestrian	1	1
6493	pedro	1	1
6494	peep	1	1
6495	penetrates	1	1
6496	pension	1	1
6497	pepsico	1	1
6498	perceptive	1	1
6499	perfecting	1	1
6500	performances	1	1
6501	performs	1	1
6502	peril	1	1
6503	periodic	1	1
6504	permits	1	1
6505	perormance	1	1
6506	persevere	1	1
6507	persevering	1	1
6508	persist	1	1
6509	persisted	1	1
6510	personally	1	1
6511	persons	1	1
6512	persuaded	1	1
6513	persuaders	1	1
6514	pests	1	1
6515	petroleum	1	1
6516	phenomenon	1	1
6517	philip	1	1
6518	philosopher	1	1
6519	photo	1	1
6520	photograph	1	1
6521	photographs	1	1
6522	photon	1	1
6523	phrase	1	1
6524	phyllis	1	1
6525	pianists	1	1
6526	piano	1	1
6527	picking	1	1
6528	picky	1	1
6529	picnic	1	1
6530	piece	1	1
6531	pierced	1	1
6532	pies	1	1
6533	pilots	1	1
6534	pine	1	1
6535	pinning	1	1
6536	pioneer	1	1
6537	pioneers	1	1
6538	pipe	1	1
6539	piraha	1	1
6540	pirson	1	1
6541	placing	1	1
6542	plainly	1	1
6543	planes	1	1
6544	plastics	1	1
6545	played	1	1
6546	pleasing	1	1
6547	plentiful	1	1
6548	plos	1	1
6549	plots	1	1
6550	plotting	1	1
6551	plug	1	1
6552	pockets	1	1
6553	pointed	1	1
6554	pointless	1	1
6555	poison	1	1
6556	poisoned	1	1
6557	policemen	1	1
6558	policymakers	1	1
6559	polish	1	1
6560	polite	1	1
6561	poll	1	1
6562	pool	1	1
6563	pooled	1	1
6564	pope	1	1
6565	popped	1	1
6566	pops	1	1
6567	popularised	1	1
6568	popularize	1	1
6569	popularized	1	1
6570	populated	1	1
6571	populations	1	1
6572	pore	1	1
6573	positioned	1	1
6574	positively	1	1
6575	positivity	1	1
6576	possessing	1	1
6577	possessions	1	1
6578	possibil	1	1
6579	posted	1	1
6580	posting	1	1
6581	postings	1	1
6582	postmen	1	1
6583	postpone	1	1
6584	posts	1	1
6585	potatoes	1	1
6586	powered	1	1
6587	powers	1	1
6588	practicability	1	1
6589	practically	1	1
6590	practising	1	1
6591	practitioners	1	1
6592	praised	1	1
6593	pre	1	1
6594	preached	1	1
6595	preaching	1	1
6596	preceding	1	1
6597	precision	1	1
6598	predictable	1	1
6599	predicting	1	1
6600	predictions	1	1
6601	predictor	1	1
6602	predicts	1	1
6603	preerence	1	1
6604	preferable	1	1
6605	preferred	1	1
6606	prejudiced	1	1
6607	preparedness	1	1
6608	prescribe	1	1
6609	prescribed	1	1
6610	prescribes	1	1
6611	prescription	1	1
6612	prescriptions	1	1
6613	presentation	1	1
6614	presenter	1	1
6615	presenting	1	1
6616	presents	1	1
6617	preservation	1	1
6618	preservatives	1	1
6619	president	1	1
6620	pressurised	1	1
6621	presume	1	1
6622	prevalent	1	1
6623	prevents	1	1
6624	pricey	1	1
6625	printed	1	1
6626	prioritise	1	1
6627	prioritizing	1	1
6628	prism	1	1
6629	privatized	1	1
6630	privileged	1	1
6631	proceeds	1	1
6632	proclamation	1	1
6633	producing	1	1
6634	professionalism	1	1
6635	professionally	1	1
6636	profitable	1	1
6637	profound	1	1
6638	profoundness	1	1
6639	programmers	1	1
6640	programming	1	1
6641	prohibitive	1	1
6642	promises	1	1
6643	promoting	1	1
6644	promotional	1	1
6645	promotions	1	1
6646	prompted	1	1
6647	pronounce	1	1
6648	pronunciations	1	1
6649	proound	1	1
6650	properties	1	1
6651	proposed	1	1
6652	proposes	1	1
6653	propulsion	1	1
6654	prospect	1	1
6655	prospects	1	1
6656	prosper	1	1
6657	proven	1	1
6658	proverbial	1	1
6659	provider	1	1
6660	proving	1	1
6661	provision	1	1
6662	provoke	1	1
6663	provokes	1	1
6664	psyc	1	1
6665	psychologists	1	1
6666	pted	1	1
6667	pub	1	1
6668	publication	1	1
6669	publications	1	1
6670	publish	1	1
6671	punctually	1	1
6672	punish	1	1
6673	punished	1	1
6674	punt	1	1
6675	puppet	1	1
6676	pursued	1	1
6677	pursues	1	1
6678	pushback	1	1
6679	pushes	1	1
6680	puzzle	1	1
6681	qualcer	1	1
6682	quantified	1	1
6683	quentin	1	1
6684	quicker	1	1
6685	quotation	1	1
6686	racehorse	1	1
6687	racehorses	1	1
6688	racers	1	1
6689	races	1	1
6690	rachel	1	1
6691	racial	1	1
6692	radiation	1	1
6693	radio	1	1
6694	radiotherapy	1	1
6695	raids	1	1
6696	railing	1	1
6697	rain	1	1
6698	rainfall	1	1
6699	random	1	1
6700	ranges	1	1
6701	rapidity	1	1
6702	rapidly	1	1
6703	rat	1	1
6704	ratings	1	1
6705	rationalizations	1	1
6706	rats	1	1
6707	raw	1	1
6708	rays	1	1
6709	reaches	1	1
6710	reader	1	1
6711	readiness	1	1
6712	reads	1	1
6713	realisation	1	1
6714	realistically	1	1
6715	realizations	1	1
6716	realms	1	1
6717	rear	1	1
6718	rearranged	1	1
6719	rearranging	1	1
6720	reasoned	1	1
6721	rebellion	1	1
6722	rebuilt	1	1
6723	recalls	1	1
6724	receipts	1	1
6725	recite	1	1
6726	reckless	1	1
6727	reckoning	1	1
6728	recognising	1	1
6729	recollecting	1	1
6730	recollection	1	1
6731	recommendation	1	1
6732	reconnect	1	1
6733	recording	1	1
6734	recordings	1	1
6735	recruited	1	1
6736	recruitment	1	1
6737	recycles	1	1
6738	redefine	1	1
6739	redirect	1	1
6740	reemployed	1	1
6741	reerred	1	1
6742	referred	1	1
6743	refers	1	1
6744	refine	1	1
6745	refinement	1	1
6746	reflecting	1	1
6747	reflection	1	1
6748	refrain	1	1
6749	reframe	1	1
6750	refunded	1	1
6751	refusal	1	1
6752	refused	1	1
6753	refusing	1	1
6754	regain	1	1
6755	regained	1	1
6756	regimented	1	1
6757	registers	1	1
6758	registration	1	1
6759	regret	1	1
6760	regrets	1	1
6761	regulate	1	1
6762	regulating	1	1
6763	regulatory	1	1
6764	rehearsal	1	1
6765	reimagined	1	1
6766	reintroduced	1	1
6767	rejection	1	1
6768	release	1	1
6769	relection	1	1
6770	relieved	1	1
6771	religion	1	1
6772	religious	1	1
6773	remainder	1	1
6774	remark	1	1
6775	remarks	1	1
6776	remedying	1	1
6777	reminding	1	1
6778	remotely	1	1
6779	removes	1	1
6780	removing	1	1
6781	renegotiated	1	1
6782	renovated	1	1
6783	rent	1	1
6784	rentals	1	1
6785	repaired	1	1
6786	reparable	1	1
6787	repeat	1	1
6788	repeated	1	1
6789	repeatedly	1	1
6790	replanting	1	1
6791	replicate	1	1
6792	reply	1	1
6793	reportedly	1	1
6794	reporter	1	1
6795	representation	1	1
6796	representations	1	1
6797	representative	1	1
6798	representing	1	1
6799	reproduce	1	1
6800	reproduced	1	1
6801	requested	1	1
6802	rescued	1	1
6803	rescues	1	1
6804	rescuing	1	1
6805	researches	1	1
6806	resembled	1	1
6807	resent	1	1
6808	reserve	1	1
6809	reshaped	1	1
6810	reside	1	1
6811	residence	1	1
6812	resignation	1	1
6813	resistant	1	1
6814	resisting	1	1
6815	resold	1	1
6816	resourced	1	1
6817	resourceful	1	1
6818	respect	1	1
6819	respectable	1	1
6820	respective	1	1
6821	responded	1	1
6822	responds	1	1
6823	responsibly	1	1
6824	restored	1	1
6825	restraint	1	1
6826	restrict	1	1
6827	restriction	1	1
6828	restructure	1	1
6829	rests	1	1
6830	resurrection	1	1
6831	retail	1	1
6832	retailers	1	1
6833	retained	1	1
6834	retains	1	1
6835	retirees	1	1
6836	reunion	1	1
6837	reunited	1	1
6838	reveals	1	1
6839	revelations	1	1
6840	revenues	1	1
6841	reverse	1	1
6842	reverses	1	1
6843	reviewed	1	1
6844	revived	1	1
6845	revolutionized	1	1
6846	revolving	1	1
6847	rewrapped	1	1
6848	reynoldstown	1	1
6849	ribbon	1	1
6850	ribbons	1	1
6851	riders	1	1
6852	ridicule	1	1
6853	rience	1	1
6854	riends	1	1
6855	righteous	1	1
6856	rigid	1	1
6857	rigorous	1	1
6858	ring	1	1
6859	rio	1	1
6860	riots	1	1
6861	rip	1	1
6862	rised	1	1
6863	river	1	1
6864	rmones	1	1
6865	roadside	1	1
6866	roasted	1	1
6867	roasters	1	1
6868	robbed	1	1
6869	robbing	1	1
6870	rocketed	1	1
6871	roger	1	1
6872	rollout	1	1
6873	roommates	1	1
6874	roosters	1	1
6875	root	1	1
6876	rooted	1	1
6877	roots	1	1
6878	rotondo	1	1
6879	rough	1	1
6880	rounded	1	1
6881	routes	1	1
6882	routinely	1	1
6883	routines	1	1
6884	row	1	1
6885	rows	1	1
6886	royal	1	1
6887	royalty	1	1
6888	rubbery	1	1
6889	rude	1	1
6890	ruin	1	1
6891	ruled	1	1
6892	rural	1	1
6893	russia	1	1
6894	rust	1	1
6895	rvices	1	1
6896	ryder	1	1
6897	sacrificing	1	1
6898	sadik	1	1
6899	sadly	1	1
6900	sadness	1	1
6901	safer	1	1
6902	sahara	1	1
6903	saharan	1	1
6904	sailing	1	1
6905	sake	1	1
6906	salas	1	1
6907	saleswoman	1	1
6908	saliva	1	1
6909	salmon	1	1
6910	sampling	1	1
6911	sandwich	1	1
6912	sandwiches	1	1
6913	sanity	1	1
6914	santa	1	1
6915	sara	1	1
6916	satellite	1	1
6917	satisfied	1	1
6918	satisfies	1	1
6919	saturated	1	1
6920	savanna	1	1
6921	saved	1	1
6922	scanned	1	1
6923	scarcity	1	1
6924	scaring	1	1
6925	scary	1	1
6926	scatter	1	1
6927	scenarios	1	1
6928	scene	1	1
6929	scenery	1	1
6930	scenes	1	1
6931	scenic	1	1
6932	scholarship	1	1
6933	scholarships	1	1
6934	schoolboys	1	1
6935	schoolgirls	1	1
6936	schoolwork	1	1
6937	scored	1	1
6938	scores	1	1
6939	scorned	1	1
6940	scott	1	1
6941	scottish	1	1
6942	scrabble	1	1
6943	scratch	1	1
6944	scratching	1	1
6945	scream	1	1
6946	screaming	1	1
6947	seafood	1	1
6948	seafoods	1	1
6949	sean	1	1
6950	searched	1	1
6951	searches	1	1
6952	seas	1	1
6953	sease	1	1
6954	season	1	1
6955	seasonally	1	1
6956	seat	1	1
6957	seaweeds	1	1
6958	secondly	1	1
6959	secretaries	1	1
6960	sectors	1	1
6961	secunty	1	1
6962	sedative	1	1
6963	seed	1	1
6964	seekers	1	1
6965	seeks	1	1
6966	seeming	1	1
6967	select	1	1
6968	selecting	1	1
6969	selectively	1	1
6970	selfish	1	1
6971	sell	1	1
6972	semester	1	1
6973	sensible	1	1
6974	sensitivity	1	1
6975	sentence	1	1
6976	separated	1	1
6977	sequentially	1	1
6978	servings	1	1
6979	settlers	1	1
6980	seventeen	1	1
6981	seventies	1	1
6982	sew	1	1
6983	sex	1	1
6984	sexes	1	1
6985	shake	1	1
6986	shaking	1	1
6987	shamed	1	1
6988	shameful	1	1
6989	sharpened	1	1
6990	sheep	1	1
6991	shelter	1	1
6992	shelve	1	1
6993	shelves	1	1
6994	ship	1	1
6995	shippensburg	1	1
6996	shipping	1	1
6997	shirts	1	1
6998	shootings	1	1
6999	shoreditch	1	1
7000	shortcomings	1	1
7001	shorten	1	1
7002	shortlisted	1	1
7003	shortsighted	1	1
7004	shot	1	1
7005	showering	1	1
7006	shrink	1	1
7007	shrug	1	1
7008	shy	1	1
7009	sided	1	1
7010	sides	1	1
7011	sight	1	1
7012	sighted	1	1
7013	sights	1	1
7014	sightseeing	1	1
7015	signals	1	1
7016	signing	1	1
7017	siheyuan	1	1
7018	silicon	1	1
7019	silverstone	1	1
7020	silvia	1	1
7021	simulation	1	1
7022	simulator	1	1
7023	simultaneously	1	1
7024	simvastatin	1	1
7025	sincere	1	1
7026	singapore	1	1
7027	singer	1	1
7028	singular	1	1
7029	sink	1	1
7030	sits	1	1
7031	sixth	1	1
7032	sizable	1	1
7033	sized	1	1
7034	skeletons	1	1
7035	skeptical	1	1
7036	skillful	1	1
7037	skillfully	1	1
7038	skins	1	1
7039	skip	1	1
7040	skyrocket	1	1
7041	skyrocketing	1	1
7042	slapping	1	1
7043	slate	1	1
7044	slideshow	1	1
7045	slim	1	1
7046	slimmest	1	1
7047	slip	1	1
7048	slipping	1	1
7049	slowdowns	1	1
7050	slowed	1	1
7051	sltmmer	1	1
7052	slums	1	1
7053	smarphones	1	1
7054	smithfield	1	1
7055	smoke	1	1
7056	snakes	1	1
7057	snap	1	1
7058	snapchat	1	1
7059	snapshots	1	1
7060	soaking	1	1
7061	soccer	1	1
7062	socialising	1	1
7063	socialized	1	1
7064	socializing	1	1
7065	socioeconomically	1	1
7066	sociologist	1	1
7067	sodastream	1	1
7068	sodium	1	1
7069	softball	1	1
7070	soften	1	1
7071	softens	1	1
7072	soil	1	1
7073	soldier	1	1
7074	solemn	1	1
7075	solidify	1	1
7076	solstice	1	1
7077	solver	1	1
7078	solvers	1	1
7079	someday	1	1
7080	son	1	1
7081	song	1	1
7082	sony	1	1
7083	sorrentino	1	1
7084	soul	1	1
7085	soulful	1	1
7086	sounding	1	1
7087	sow	1	1
7088	soybeans	1	1
7089	spaceship	1	1
7090	spain	1	1
7091	span	1	1
7092	spared	1	1
7093	spark	1	1
7094	spatial	1	1
7095	speaker	1	1
7096	specially	1	1
7097	specimens	1	1
7098	speculate	1	1
7099	speeches	1	1
7100	speeding	1	1
7101	sphere	1	1
7102	spicy	1	1
7103	spied	1	1
7104	split	1	1
7105	splitting	1	1
7106	spoilage	1	1
7107	spoiled	1	1
7108	sponsor	1	1
7109	spoon	1	1
7110	sportsman	1	1
7111	spreadsheet	1	1
7112	spurs	1	1
7113	squeezed	1	1
7114	ssing	1	1
7115	stages	1	1
7116	stain	1	1
7117	stairs	1	1
7118	stakes	1	1
7119	standardisation	1	1
7120	standardization	1	1
7121	stands	1	1
7122	staple	1	1
7123	starlets	1	1
7124	starters	1	1
7125	statistical	1	1
7126	steadily	1	1
7127	steam	1	1
7128	sted	1	1
7129	steel	1	1
7130	stem	1	1
7131	stemming	1	1
7132	ster	1	1
7133	stereotypes	1	1
7134	sterner	1	1
7135	steve	1	1
7136	stickers	1	1
7137	stiffer	1	1
7138	stigmaand	1	1
7139	stimulated	1	1
7140	stimulation	1	1
7141	stirring	1	1
7142	stock	1	1
7143	stocked	1	1
7144	stole	1	1
7145	stood	1	1
7146	stopping	1	1
7147	storeowners	1	1
7148	storytelling	1	1
7149	straightaway	1	1
7150	strained	1	1
7151	straining	1	1
7152	stranger	1	1
7153	strangers	1	1
7154	straying	1	1
7155	streetview	1	1
7156	strengthens	1	1
7157	strengths	1	1
7158	stretch	1	1
7159	stricken	1	1
7160	strict	1	1
7161	stricter	1	1
7162	string	1	1
7163	strings	1	1
7164	stroke	1	1
7165	strongest	1	1
7166	struck	1	1
7167	struggled	1	1
7168	strung	1	1
7169	stubbornness	1	1
7170	stuck	1	1
7171	stud	1	1
7172	students'ability	1	1
7173	students'sibm	1	1
7174	studio	1	1
7175	stuff	1	1
7176	sturgeon	1	1
7177	styles	1	1
7178	subjects	1	1
7179	submission	1	1
7180	submitting	1	1
7181	subsequent	1	1
7182	subsidies	1	1
7183	subsidized	1	1
7184	suburban	1	1
7185	succeeded	1	1
7186	successive	1	1
7187	successively	1	1
7188	successor	1	1
7189	successul	1	1
7190	suck	1	1
7191	sue	1	1
7192	sufferers	1	1
7193	sufficiently	1	1
7194	suggestions	1	1
7195	suits	1	1
7196	summary	1	1
7197	sunlight	1	1
7198	superintendent	1	1
7199	superintendents	1	1
7200	supermom	1	1
7201	superstars	1	1
7202	supervised	1	1
7203	supervisor	1	1
7204	supplement	1	1
7205	supplemental	1	1
7206	supplements	1	1
7207	suppliers	1	1
7208	supplying	1	1
7209	supportive	1	1
7210	supports	1	1
7211	supposedly	1	1
7212	suppress	1	1
7213	surpassed	1	1
7214	surplus	1	1
7215	surrey	1	1
7216	surrounding	1	1
7217	surroundings	1	1
7218	survives	1	1
7219	surviving	1	1
7220	susan	1	1
7221	suspected	1	1
7222	sustainability	1	1
7223	sustainably	1	1
7224	sustains	1	1
7225	swallow	1	1
7226	swarm	1	1
7227	sway	1	1
7228	sweat	1	1
7229	sweating	1	1
7230	swells	1	1
7231	swift	1	1
7232	swim	1	1
7233	swiss	1	1
7234	switchers	1	1
7235	switching	1	1
7236	sydenham	1	1
7237	sydney	1	1
7238	symbol	1	1
7239	symbolically	1	1
7240	symbols	1	1
7241	sympathize	1	1
7242	systematically	1	1
7243	tables	1	1
7244	tackles	1	1
7245	tackling	1	1
7246	tactics	1	1
7247	tail	1	1
7248	tailgating	1	1
7249	takeoff	1	1
7250	takers	1	1
7251	talcen	1	1
7252	talcing	1	1
7253	talks	1	1
7254	tangyuan	1	1
7255	tapping	1	1
7256	taxation	1	1
7257	taxing	1	1
7258	tea	1	1
7259	tear	1	1
7260	tearing	1	1
7261	technically	1	1
7262	technique	1	1
7263	technologically	1	1
7264	tedious	1	1
7265	telephone	1	1
7266	temperatures	1	1
7267	tempers	1	1
7268	temporarily	1	1
7269	temporary	1	1
7270	tending	1	1
7271	tennis	1	1
7272	tens	1	1
7273	tent	1	1
7274	tenth	1	1
7275	tenths	1	1
7276	terminoloy	1	1
7277	terribly	1	1
7278	terrific	1	1
7279	terrified	1	1
7280	terrorize	1	1
7281	ters	1	1
7282	textbook	1	1
7283	textbooks	1	1
7284	texters	1	1
7285	textile	1	1
7286	texture	1	1
7287	thankfully	1	1
7288	thanks	1	1
7289	the'gig	1	1
7290	theactual	1	1
7291	theirs	1	1
7292	theme	1	1
7293	themes	1	1
7294	theoretical	1	1
7295	theory	1	1
7296	therapies	1	1
7297	therapist	1	1
7298	therapy	1	1
7299	thereore	1	1
7300	thesis	1	1
7301	thick	1	1
7302	thickening	1	1
7303	thinkers	1	1
7304	thinkin	1	1
7305	thinner	1	1
7306	thinnest	1	1
7307	thompson	1	1
7308	thousand	1	1
7309	thread	1	1
7310	threefold	1	1
7311	threshold	1	1
7312	throwing	1	1
7313	thumbed	1	1
7314	thursday	1	1
7315	tickets	1	1
7316	tide	1	1
7317	tier	1	1
7318	tight	1	1
7319	tighten	1	1
7320	tim	1	1
7321	timber	1	1
7322	timidity	1	1
7323	tinkerers	1	1
7324	tinkering	1	1
7325	tipping	1	1
7326	tips	1	1
7327	tissues	1	1
7328	titles	1	1
7329	tnore	1	1
7330	togethe	1	1
7331	toilet	1	1
7332	tom	1	1
7333	ton	1	1
7334	tony	1	1
7335	topics	1	1
7336	toronto	1	1
7337	torture	1	1
7338	touches	1	1
7339	touchscreen	1	1
7340	tourist	1	1
7341	towns	1	1
7342	toyota	1	1
7343	toys	1	1
7344	traced	1	1
7345	tracked	1	1
7346	tracker	1	1
7347	trad	1	1
7348	trader	1	1
7349	tragic	1	1
7350	trail	1	1
7351	trained	1	1
7352	trance	1	1
7353	transcribed	1	1
7354	transferable	1	1
7355	transferred	1	1
7356	transferring	1	1
7357	transformabon	1	1
7358	transformed	1	1
7359	translated	1	1
7360	translates	1	1
7361	transmitted	1	1
7362	transparent	1	1
7363	transplant	1	1
7364	trauma	1	1
7365	travels	1	1
7366	treasured	1	1
7367	treasures	1	1
7368	tremendously	1	1
7369	trends	1	1
7370	trials	1	1
7371	triangular	1	1
7372	trifle	1	1
7373	trigger	1	1
7374	triggered	1	1
7375	triggers	1	1
7376	trite	1	1
7377	triumph	1	1
7378	tropical	1	1
7379	truck	1	1
7380	trumps	1	1
7381	trustee	1	1
7382	trusts	1	1
7383	tuesday	1	1
7384	tum	1	1
7385	tumour	1	1
7386	tuned	1	1
7387	tunnel	1	1
7388	turnover	1	1
7389	twelve	1	1
7390	twitter	1	1
7391	tygielski	1	1
7392	ucla	1	1
7393	udemy	1	1
7394	ugly	1	1
7395	umque	1	1
7396	unalterable	1	1
7397	unamiliar	1	1
7398	unattainable	1	1
7399	unauthorised	1	1
7400	unavailable	1	1
7401	unavoidable	1	1
7402	unbelievably	1	1
7403	unbiased	1	1
7404	unchangeable	1	1
7405	uncle	1	1
7406	unconditionally	1	1
7407	unconventional	1	1
7408	uncovered	1	1
7409	undamentally	1	1
7410	undergoing	1	1
7411	underlies	1	1
7412	undermined	1	1
7413	undermines	1	1
7414	undermining	1	1
7415	underneath	1	1
7416	undernutrition	1	1
7417	underpaid	1	1
7418	underprivileged	1	1
7419	underserved	1	1
7420	underused	1	1
7421	undesirable	1	1
7422	undoubtedly	1	1
7423	unedited	1	1
7424	unexpectedly	1	1
7425	unfair	1	1
7426	unforgiving	1	1
7427	unfounded	1	1
7428	unfriendly	1	1
7429	unfruitful	1	1
7430	unhealed	1	1
7431	unhelpful	1	1
7432	uniform	1	1
7433	uniformly	1	1
7434	uniforms	1	1
7435	unifying	1	1
7436	uniqueness	1	1
7437	unit	1	1
7438	universe	1	1
7439	unjustifiable	1	1
7440	unlimited	1	1
7441	unlovely	1	1
7442	unmarried	1	1
7443	unmatched	1	1
7444	unmotivated	1	1
7445	unplanned	1	1
7446	unpopular	1	1
7447	unprocessed	1	1
7448	unpunished	1	1
7449	unreasonable	1	1
7450	unrested	1	1
7451	unsatisfyingly	1	1
7452	unsettled	1	1
7453	unsettling	1	1
7454	unskilled	1	1
7455	unsophisticated	1	1
7456	unspoiled	1	1
7457	unstated	1	1
7458	unsubsidized	1	1
7459	unsuitable	1	1
7460	unsustainable	1	1
7461	untrue	1	1
7462	unwise	1	1
7463	upgrade	1	1
7464	upgrading	1	1
7465	upload	1	1
7466	upstate	1	1
7467	uptake	1	1
7468	upwards	1	1
7469	urge	1	1
7470	urged	1	1
7471	urgently	1	1
7472	urging	1	1
7473	usability	1	1
7474	usages	1	1
7475	usda	1	1
7476	useul	1	1
7477	utilized	1	1
7478	utilizing	1	1
7479	utmost	1	1
7480	utrecht	1	1
7481	utter	1	1
7482	utterances	1	1
7483	vacant	1	1
7484	vacationing	1	1
7485	vaguely	1	1
7486	vain	1	1
7487	validate	1	1
7488	validated	1	1
7489	validates	1	1
7490	valley	1	1
7491	valtorta	1	1
7492	variant	1	1
7493	varies	1	1
7494	vastly	1	1
7495	vegas	1	1
7496	ventures	1	1
7497	venturing	1	1
7498	veral	1	1
7499	verified	1	1
7500	verify	1	1
7501	versus	1	1
7502	vice	1	1
7503	vicky	1	1
7504	victories	1	1
7505	videos	1	1
7506	viewer	1	1
7507	viewing	1	1
7508	viewpoint	1	1
7509	viewpoints	1	1
7510	vigour	1	1
7511	villager	1	1
7512	villains	1	1
7513	virtually	1	1
7514	visions	1	1
7515	visitors	1	1
7516	visits	1	1
7517	visualize	1	1
7518	voluntary	1	1
7519	voyage	1	1
7520	wages	1	1
7521	waist	1	1
7522	waistlines	1	1
7523	wait	1	1
7524	waiting	1	1
7525	waitress	1	1
7526	wakes	1	1
7527	walkman	1	1
7528	walks	1	1
7529	wall	1	1
7530	wallc	1	1
7531	wallet	1	1
7532	wandering	1	1
7533	warcraft	1	1
7534	warmth	1	1
7535	warns	1	1
7536	wary	1	1
7537	wasteful	1	1
7538	wastes	1	1
7539	wasting	1	1
7540	watchers	1	1
7541	waters	1	1
7542	watts	1	1
7543	wayside	1	1
7544	weak	1	1
7545	weakens	1	1
7546	wealcest	1	1
7547	weapons	1	1
7548	wears	1	1
7549	weaving	1	1
7550	wedding	1	1
7551	weds	1	1
7552	weekly	1	1
7553	weighing	1	1
7554	weird	1	1
7555	wellness	1	1
7556	weren	1	1
7557	westwood	1	1
7558	wheels	1	1
7559	whenever	1	1
7560	whereas	1	1
7561	whereby	1	1
7562	wholly	1	1
7563	widely	1	1
7564	widens	1	1
7565	wider	1	1
7566	wilderness	1	1
7567	william	1	1
7568	willingness	1	1
7569	wiltermuth	1	1
7570	wimbledon	1	1
7571	wind	1	1
7572	window	1	1
7573	wines	1	1
7574	winner	1	1
7575	winters	1	1
7576	wired	1	1
7577	wishes	1	1
7578	wishful	1	1
7579	withdrawal	1	1
7580	withdrawing	1	1
7581	withl	1	1
7582	withstand	1	1
7583	witty	1	1
7584	wmter	1	1
7585	woke	1	1
7586	wolfing	1	1
7587	wonders	1	1
7588	wood	1	1
7589	woodland	1	1
7590	wordier	1	1
7591	wording	1	1
7592	workbook	1	1
7593	workday	1	1
7594	workload	1	1
7595	workmate	1	1
7596	workmates	1	1
7597	worksheets	1	1
7598	workshop	1	1
7599	worldly	1	1
7600	worlds	1	1
7601	worn	1	1
7602	worryingly	1	1
7603	worsen	1	1
7604	worsened	1	1
7605	worshipped	1	1
7606	worthy	1	1
7607	wounds	1	1
7608	wrap	1	1
7609	wrapping	1	1
7610	wrongdoings	1	1
7611	www	1	1
7612	xperienced	1	1
7613	yahoo	1	1
7614	yale	1	1
7615	years'surveys	1	1
7616	yen	1	1
7617	yielded	1	1
7618	younger	1	1
7619	youngest	1	1
7620	youtube	1	1
7621	yung	1	1
7622	zealand	1	1
7623	zentech	1	1
7624	zimmerman	1	1
